Employee ID,Actual,Prediction,Probability,Prediction_Custom
1001,0,0,0.18657275483223248,0
1002,0,0,0.0354618833454001,0
1003,0,0,0.06531769155321776,0
1004,0,0,0.6086096378425463,0
1005,0,0,0.09064864322356825,0
1006,1,0,0.6139969835729518,0
1007,0,0,0.6222966115417021,0
1008,0,0,0.1660667897567832,0
1009,0,0,0.2253444698078278,0
1010,0,0,0.3672983952156745,0
1011,0,0,0.560727864836936,0
1012,0,0,0.2072471661928467,0
1013,0,0,0.04476488763465283,0
1014,1,0,0.21325760157714058,0
1015,1,0,0.2968346025057644,0
1016,1,1,0.8304001551915153,1
1017,0,0,0.11959382230829121,0
1018,0,0,0.1729286982598402,0
1019,0,0,0.15161641439915288,0
1020,1,0,0.52007291130915,0
1021,0,0,0.18956886293136616,0
1022,0,0,0.3556367528754822,0
1023,0,0,0.3168335768821341,0
1024,0,0,0.22336120457192382,0
1025,0,0,0.04737293380524737,0
1026,0,0,0.15986385825757837,0
1027,0,0,0.09762668822868656,0
1028,0,0,0.12883069610291337,0
1029,0,0,0.660614520669034,0
1030,0,0,0.20853746181337296,0
1031,0,0,0.42797022461533685,0
1032,0,0,0.24240410941353802,0
1033,0,0,0.1295881720755601,0
1034,0,0,0.3033237950354673,0
1035,0,0,0.469016072723327,0
1036,0,0,0.08760075404196153,0
1037,0,0,0.15214488935124312,0
1038,0,0,0.08169253222153003,0
1039,1,0,0.29589776204886636,0
1040,0,0,0.021706550757437687,0
1041,0,1,0.8885640372422129,1
1042,0,0,0.11982781294232267,0
1043,1,1,0.876876312903237,1
1044,0,0,0.19909513776067397,0
1045,0,0,0.38639774527253046,0
1046,0,0,0.1830442659834814,0
1047,1,0,0.6397339164715674,0
1048,0,0,0.3391527212424593,0
1049,0,0,0.24457371777916045,0
1050,0,0,0.13127152394690086,0
1051,0,0,0.35855700353964787,0
1052,0,0,0.10938218054808387,0
1053,0,0,0.6642110543426938,0
1054,0,0,0.2058623422604894,0
1055,1,1,0.9991901233345505,1
1056,0,0,0.2188696408951546,0
1057,0,0,0.7202638114222704,0
1058,1,0,0.5087888958111336,0
1059,0,0,0.09314105082540489,0
1060,0,0,0.08980288878801383,0
1061,0,0,0.1897274558028562,0
1062,0,0,0.0732752863801647,0
1063,0,0,0.12158251330972103,0
1064,0,0,0.13324990618700588,0
1065,0,0,0.05138621483805936,0
1066,0,0,0.22641426556349734,0
1067,0,0,0.1590180224933761,0
1068,0,0,0.1392806865906988,0
1069,1,1,0.9996422557238972,1
1070,1,1,0.9996039318510765,1
1071,0,0,0.16995011009656308,0
1072,0,0,0.017704290405209714,0
1073,1,0,0.01977712131857972,0
1074,0,0,0.04650751568961746,0
1075,0,0,0.09232498686334108,0
1076,0,0,0.7994172130210311,1
1077,0,0,0.09692885027361442,0
1078,0,0,0.04287379493539053,0
1079,0,0,0.4302633261465439,0
1080,0,0,0.11601348774047238,0
1081,0,0,0.15140624946680734,0
1082,0,0,0.0954299691249368,0
1083,0,0,0.34075900279715476,0
1084,0,0,0.03983220098917451,0
1085,0,0,0.07875225643370376,0
1086,0,0,0.16607668350550583,0
1087,0,0,0.21691540336389517,0
1088,0,0,0.1358919551916215,0
1089,0,0,0.31687710511250095,0
1090,0,0,0.0823177257177763,0
1091,1,0,0.07025639250228967,0
1092,0,0,0.184323118772731,0
1093,0,0,0.2638948884181064,0
1094,1,1,0.9984136436578676,1
1095,0,0,0.16363336516938123,0
1096,0,0,0.10252754100871331,0
1097,0,0,0.1586961181797976,0
1098,0,0,0.10790792149185016,0
1099,0,0,0.06481733440245938,0
1100,0,0,0.1623005615381637,0
1101,1,1,0.9995895919501117,1
1102,0,0,0.5007585939324679,0
1103,0,0,0.1055065995245565,0
1104,0,0,0.18824215162511881,0
1105,0,0,0.1351687212911152,0
1106,0,0,0.3318963373341077,0
1107,0,0,0.11510195594228519,0
1108,0,0,0.03747474488314911,0
1109,0,0,0.1666523112585027,0
1110,0,0,0.16754655964428317,0
1111,0,0,0.3705701288388427,0
1112,0,0,0.152453871530103,0
1113,0,0,0.1340472066438122,0
1114,0,0,0.13494056281961964,0
1115,0,0,0.20296809730277826,0
1116,0,0,0.2194235833309748,0
1117,0,0,0.15745729258495625,0
1118,0,0,0.09024346154807773,0
1119,1,0,0.46640692942457185,0
1120,0,0,0.2456457696213948,0
1121,0,0,0.36796926408847425,0
1122,1,1,0.9976084029199823,1
1123,0,0,0.10768473348853429,0
1124,0,0,0.47713607108460976,0
1125,0,0,0.1841000299132268,0
1126,0,0,0.16526038359179923,0
1127,1,1,0.999119734634679,1
1128,0,0,0.13164893243480802,0
1129,1,0,0.6587515834157082,0
1130,0,0,0.05272894047921042,0
1131,0,0,0.1276021888174569,0
1132,1,0,0.24431167702561724,0
1133,0,0,0.2769527773688699,0
1134,0,0,0.45426175783655204,0
1135,1,0,0.4367902486236643,0
1136,0,0,0.11018166555716224,0
1137,0,0,0.06256552692645098,0
1138,0,0,0.21941076108283186,0
1139,0,0,0.36028249736795465,0
1140,1,0,0.09444794102414877,0
1141,0,0,0.06713973952282279,0
1142,0,0,0.20665263203894252,0
1143,0,0,0.19394408576160374,0
1144,0,0,0.041689981403198774,0
1145,0,0,0.14861516953427562,0
1146,0,0,0.08011649487725331,0
1147,0,0,0.14002834381817258,0
1148,0,0,0.22693488793268146,0
1149,0,0,0.03309152058906195,0
1150,0,0,0.07005675945065404,0
1151,0,0,0.07251095959533875,0
1152,0,0,0.048791704831427536,0
1153,0,0,0.119712342082982,0
1154,0,0,0.14958335739207484,0
1155,0,0,0.7669686469945592,1
1156,0,0,0.22226830148475885,0
1157,0,0,0.14261411697860688,0
1158,1,0,0.09666073368831553,0
1159,0,0,0.1805990672494863,0
1160,0,0,0.5176459342318492,0
1161,0,0,0.0923700798876086,0
1162,0,0,0.09555124835668857,0
1163,0,0,0.17085251240925325,0
1164,0,0,0.13568806391324106,0
1165,0,0,0.038317446426329574,0
1166,0,0,0.17532988633501562,0
1167,0,0,0.09999789195658423,0
1168,1,1,0.9710563460096714,1
1169,0,0,0.19851541932218886,0
1170,0,0,0.19575036050697076,0
1171,0,0,0.275391256736938,0
1172,0,0,0.1878068927752554,0
1173,0,0,0.17199219246337555,0
1174,0,0,0.5401443626989699,0
1175,0,0,0.15814522864394198,0
1176,0,0,0.6105875296720955,0
1177,0,0,0.10341958753475751,0
1178,0,0,0.09161536939914745,0
1179,0,0,0.15239021217150137,0
1180,0,0,0.4314417498932506,0
1181,1,1,0.9996106662563687,1
1182,0,0,0.30267235220362454,0
1183,0,0,0.05100739842232782,0
1184,0,0,0.041177726178976366,0
1185,0,0,0.030807962447375763,0
1186,0,0,0.20725379704353317,0
1187,0,0,0.03475326811825491,0
1188,0,0,0.16622414488902673,0
1189,0,0,0.08135250639675685,0
1190,0,0,0.1123002530812055,0
1191,0,0,0.18042427007975867,0
1192,0,0,0.3909952966900957,0
1193,0,0,0.15740854385504588,0
1194,0,0,0.2679220350905379,0
1195,1,1,0.9988881652144487,1
1196,0,0,0.08005369184312525,0
1197,1,0,0.21423414240931352,0
1198,0,0,0.16372369123023003,0
1199,0,0,0.13956955685664635,0
1200,0,0,0.19904373353099733,0
1201,0,0,0.04143007047921054,0
1202,0,0,0.2690600241806759,0
1203,0,0,0.20895800542949994,0
1204,1,0,0.6927036908601476,0
1205,0,0,0.0652919496187717,0
1206,0,0,0.40436367015131075,0
1207,0,0,0.13797550368505856,0
1208,0,0,0.17526284569878525,0
1209,0,0,0.14608420867591715,0
1210,0,0,0.1304266731777663,0
1211,0,0,0.12553049570285393,0
1212,0,0,0.11093652722078903,0
1213,0,0,0.24103809045148814,0
1214,0,0,0.32653343230450516,0
1215,0,0,0.5430364235960539,0
1216,0,0,0.10903132549733412,0
1217,1,0,0.23516059070138673,0
1218,0,0,0.124188557567419,0
1219,0,0,0.2182326682329286,0
1220,0,0,0.2688111465072321,0
1221,0,0,0.16444254290768126,0
1222,1,1,0.925500041182969,1
1223,0,0,0.331709720273406,0
1224,0,0,0.04417361174486618,0
1225,0,0,0.25430649831654334,0
1226,0,0,0.041859742542145605,0
1227,0,0,0.07824101555030388,0
1228,0,0,0.07705181330723045,0
1229,0,0,0.053335978932494255,0
1230,0,0,0.5918125961659715,0
1231,0,0,0.19184475025969186,0
1232,1,0,0.4869655601205341,0
1233,0,0,0.26721163142481863,0
1234,0,0,0.0950746420695364,0
1235,1,0,0.35454942913036536,0
1236,1,0,0.46647508806842886,0
1237,0,0,0.28875102123685453,0
1238,0,0,0.1009652104784213,0
1239,0,0,0.10966817431536095,0
1240,1,0,0.20712448784723614,0
1241,0,0,0.1310459426272948,0
1242,0,0,0.4391660959704868,0
1243,0,0,0.08837268056368137,0
1244,1,1,0.9966167296156029,1
1245,0,0,0.2981247756396597,0
1246,0,0,0.13834459680554076,0
1247,0,0,0.0554753034898335,0
1248,0,0,0.1241815125881157,0
1249,0,0,0.14513455858781085,0
1250,0,0,0.6772033385487259,0
1251,0,0,0.5094273338687643,0
1252,0,0,0.20514937263605523,0
1253,0,0,0.07388135657501171,0
1254,0,0,0.08786610184976862,0
1255,0,0,0.43837036068708685,0
1256,0,0,0.3694280225888474,0
1257,0,0,0.1827207679754169,0
1258,0,0,0.20853180356672962,0
1259,0,0,0.14686959851446316,0
1260,0,0,0.16915010870872962,0
1261,0,0,0.09460158182640976,0
1262,0,0,0.3732851779887397,0
1263,0,0,0.7517286238818837,1
1264,0,0,0.1997685944466945,0
1265,1,0,0.25791284138153897,0
1266,0,0,0.09719852268666139,0
1267,0,0,0.19189872905326918,0
1268,0,0,0.1444428488291163,0
1269,0,0,0.21426901810646495,0
1270,0,0,0.0981682486634174,0
1271,0,0,0.05649653899303618,0
1272,0,0,0.3624714208002185,0
1273,0,0,0.16808154698787642,0
1274,0,0,0.4503381169149934,0
1275,0,0,0.015336772188566257,0
1276,1,0,0.3052491178004889,0
1277,0,0,0.0663762145557189,0
1278,0,0,0.04222289140251407,0
1279,0,0,0.3607229187464253,0
1280,0,0,0.12858157623766708,0
1281,0,0,0.12461440977254701,0
1282,0,0,0.07273769554346189,0
1283,0,0,0.5706574334909718,0
1284,0,0,0.0959730351055491,0
1285,0,0,0.1252655695685324,0
1286,0,0,0.23903750516761818,0
1287,0,0,0.18935149346204433,0
1288,0,0,0.08402837494693825,0
1289,0,0,0.1668952331808399,0
1290,0,0,0.3360855966830695,0
1291,0,0,0.08099320855191994,0
1292,0,0,0.04093358897091939,0
1293,1,0,0.1425027270117207,0
1294,0,0,0.08906865470751793,0
1295,0,0,0.1784221610346448,0
1296,1,1,0.9972125228699562,1
1297,1,1,0.9991610472306096,1
1298,0,0,0.07891157581692751,0
1299,0,0,0.28139359973149275,0
1300,0,0,0.27465927518798644,0
1301,0,0,0.1555577512349522,0
1302,1,0,0.0862890401413148,0
1303,0,0,0.11388504876654783,0
1304,0,0,0.04391344256227789,0
1305,0,0,0.14246635201802116,0
1306,0,0,0.255932877058417,0
1307,0,0,0.4374728538907783,0
1308,0,0,0.3643694537341547,0
1309,0,0,0.37466097447886887,0
1310,0,0,0.3175728014836821,0
1311,1,0,0.3082746060207282,0
1312,1,0,0.3278473972395304,0
1313,0,0,0.09712423939052936,0
1314,0,0,0.35703992039720794,0
1315,1,0,0.47812164548663466,0
1316,0,0,0.1786867003056875,0
1317,0,0,0.02400320570744246,0
1318,0,0,0.24080746045223886,0
1319,0,0,0.11439781713390526,0
1320,0,0,0.21475602899264756,0
1321,1,1,0.9985251705668388,1
1322,0,0,0.07304699269471449,0
1323,0,0,0.1773415477627493,0
1324,0,0,0.1275290192285854,0
1325,0,0,0.6158786872994835,0
1326,0,0,0.184053971352736,0
1327,0,0,0.29349427902696495,0
1328,0,0,0.1882476178332956,0
1329,0,0,0.07136503900256826,0
1330,0,0,0.09885172281465392,0
1331,1,0,0.29965878509084215,0
1332,0,0,0.19185701974742367,0
1333,1,0,0.3390750921958639,0
1334,0,0,0.022009404993542644,0
1335,0,0,0.08042053684805876,0
1336,0,0,0.11680836782900737,0
1337,0,0,0.16544246745542812,0
1338,0,0,0.06933152355036334,0
1339,0,0,0.573850620910868,0
1340,1,0,0.44958669206336194,0
1341,0,0,0.15409634366807262,0
1342,0,0,0.09120632038425208,0
1343,1,0,0.1433381592698806,0
1344,0,0,0.13893043869348284,0
1345,0,0,0.1483718350418927,0
1346,0,0,0.2813339046265188,0
1347,0,0,0.051023721676700606,0
1348,0,0,0.04909808944825405,0
1349,0,0,0.1613855644402264,0
1350,0,0,0.09160324466938372,0
1351,0,0,0.20444152296349505,0
1352,0,0,0.2599948119724451,0
1353,1,0,0.2882065813366054,0
1354,0,0,0.5203772196434691,0
1355,0,0,0.09405384179833783,0
1356,0,0,0.4140908539197981,0
1357,0,0,0.19469712556102317,0
1358,0,0,0.28629082748599455,0
1359,0,0,0.09839968177527228,0
1360,0,0,0.33899776039389656,0
1361,0,0,0.055254442709179986,0
1362,0,0,0.386482800725342,0
1363,0,0,0.19090742840371303,0
1364,0,0,0.17178833822825584,0
1365,0,0,0.12252446866557577,0
1366,0,0,0.4127797767471975,0
1367,0,0,0.150749717054699,0
1368,0,0,0.13001556714983914,0
1369,0,0,0.1474428636992911,0
1370,0,0,0.12099655979162473,0
1371,1,0,0.3659486198287444,0
1372,0,0,0.3199760609267775,0
1373,0,0,0.2653614027301583,0
1374,0,0,0.07831845901579794,0
1375,0,0,0.027106340445941388,0
1376,0,0,0.05297596479188113,0
1377,0,0,0.18227707181948397,0
1378,0,0,0.10651194541582312,0
1379,0,0,0.10999061534419922,0
1380,0,0,0.30633810772718356,0
1381,1,1,0.8899115988156858,1
1382,0,0,0.5747329621216378,0
1383,0,0,0.1294804499534588,0
1384,0,0,0.15599222340592522,0
1385,0,0,0.10259023394708355,0
1386,0,0,0.3148331972166454,0
1387,1,0,0.7446745151237216,1
1388,0,0,0.2246029732775109,0
1389,0,0,0.6730469118389003,0
1390,0,0,0.06397773046479524,0
1391,0,0,0.05081599166042716,0
1392,0,0,0.44209035135506614,0
1393,0,0,0.37803489389355516,0
1394,0,0,0.2106272971224219,0
1395,0,0,0.0628065746687498,0
1396,0,0,0.23200872068821524,0
1397,0,0,0.5130239158380111,0
1398,0,0,0.1818537059284113,0
1399,0,0,0.2844466623205735,0
1400,0,0,0.12180541965920473,0
1401,0,0,0.05374667811500631,0
1402,0,0,0.2209744241155962,0
1403,0,0,0.24163661228877906,0
1404,0,0,0.12296639194382573,0
1405,0,0,0.4851926771191374,0
1406,0,0,0.11659968402129457,0
1407,1,0,0.3944828232743248,0
1408,0,0,0.3077021940168703,0
1409,0,0,0.3206970748790745,0
1410,0,0,0.056412885492728555,0
1411,0,0,0.16797822227333634,0
1412,0,0,0.36249663129178294,0
1413,0,0,0.08631787719321131,0
1414,0,0,0.0870179484650884,0
1415,0,0,0.5079994157815895,0
1416,0,0,0.04012298067084423,0
1417,0,0,0.12567710297652337,0
1418,0,0,0.35862832953671625,0
1419,0,0,0.18074166220629279,0
1420,0,0,0.14061014592349755,0
1421,0,0,0.1762181259813043,0
1422,0,0,0.11388597281661164,0
1423,0,0,0.18001552808411436,0
1424,1,0,0.6092575776869626,0
1425,0,0,0.0419395275457356,0
1426,0,0,0.03327217517324113,0
1427,0,0,0.09378134059268224,0
1428,0,0,0.0645651195776744,0
1429,1,1,0.9995059687087247,1
1430,0,0,0.0523360207376689,0
1431,0,0,0.0723843631027086,0
1432,1,0,0.46675534916659267,0
1433,0,0,0.17716164323781922,0
1434,0,0,0.14872581198334392,0
1435,0,0,0.08451324646490965,0
1436,0,0,0.23395607572045798,0
1437,0,0,0.11774244931961088,0
1438,0,0,0.34789602254082147,0
1439,0,0,0.03787340843113663,0
1440,0,0,0.17096074332879382,0
1441,0,0,0.2794022867218667,0
1442,0,0,0.22929063996334845,0
1443,0,0,0.6269475942521514,0
1444,0,0,0.03548653374248202,0
1445,1,1,0.9992894759701709,1
1446,0,0,0.08834388561227115,0
1447,0,0,0.1647826635944382,0
1448,0,0,0.6918825246651592,0
1449,0,0,0.1264678658762769,0
1450,0,0,0.11929293352233321,0
1451,0,0,0.27644026977619346,0
1452,0,0,0.03524915636802604,0
1453,1,0,0.4838768084837606,0
1454,0,0,0.45014605096445626,0
1455,0,0,0.06837455999128593,0
1456,0,0,0.08496933369696019,0
1457,0,0,0.3946636771271212,0
1458,0,0,0.30459764604591805,0
1459,0,0,0.08251686719131004,0
1460,1,0,0.244473489903505,0
1461,1,1,0.9929588053689609,1
1462,0,0,0.10630121043758778,0
1463,0,0,0.34089519003005414,0
1464,1,1,0.9221760568690952,1
1465,0,0,0.21003972679634095,0
1466,0,0,0.08852091813359242,0
1467,0,0,0.10140127230658613,0
1468,0,0,0.1908576231963944,0
1469,0,0,0.44434636742882166,0
1470,0,0,0.06095386313237602,0
1471,0,0,0.40490772793630503,0
1472,0,0,0.13302474767503014,0
1473,0,0,0.3396512242392201,0
1474,0,0,0.29576476920918293,0
1475,0,0,0.09208417384644672,0
1476,0,0,0.14938772511890233,0
1477,0,0,0.17785671639725742,0
1478,0,0,0.1703622356232396,0
1479,0,0,0.17375082716631732,0
1480,0,0,0.292128341923965,0
1481,0,0,0.09105651221520508,0
1482,0,0,0.13204157398291566,0
1483,0,0,0.07377415927441634,0
1484,0,0,0.14349696489606098,0
1485,0,0,0.31170926605153243,0
1486,0,0,0.18992965500080522,0
1487,1,1,0.9987226897255921,1
1488,0,0,0.15683231503105058,0
1489,0,0,0.06433397079972034,0
1490,0,0,0.3051979553119684,0
1491,0,0,0.14527385675065896,0
1492,0,0,0.36135435856219694,0
1493,0,0,0.05181875060314148,0
1494,0,0,0.02192587725726813,0
1495,1,1,0.9990933807331779,1
1496,0,0,0.16425027837531495,0
1497,0,0,0.03763494680526697,0
1498,0,0,0.12042683079727215,0
1499,0,0,0.24012708773221433,0
1500,0,0,0.09765091098574967,0
1501,0,0,0.6851985223285574,0
1502,0,0,0.08544814204204958,0
1503,0,0,0.11099815397940552,0
1504,0,0,0.053878812055988046,0
1505,0,0,0.2585966018094989,0
1506,0,0,0.07032999255448925,0
1507,0,0,0.5893611098526507,0
1508,0,0,0.047463943338426046,0
1509,0,0,0.10561900540125922,0
1510,0,1,0.8348621907640298,1
1511,0,0,0.5496401059712418,0
1512,0,0,0.030647945075347707,0
1513,0,0,0.16693656531456433,0
1514,0,0,0.7018916488414753,0
1515,1,0,0.09004594660874059,0
1516,0,0,0.10106318215922222,0
1517,0,0,0.13014710018647904,0
1518,0,0,0.33904559001456336,0
1519,0,0,0.11057187453547791,0
1520,0,0,0.16562390830901796,0
1521,0,0,0.06349509868183247,0
1522,0,0,0.047113875854413824,0
1523,0,0,0.21602486632118276,0
1524,0,0,0.22412093904153146,0
1525,0,0,0.03767743713270526,0
1526,0,0,0.22580951161385632,0
1527,0,0,0.11003978256187427,0
1528,0,0,0.09911705623121234,0
1529,0,0,0.0789788247942197,0
1530,0,0,0.11997172208143883,0
1531,0,0,0.7845842418231896,1
1532,0,0,0.3700508947770756,0
1533,0,0,0.18083750455995984,0
1534,0,0,0.34921877769990606,0
1535,0,0,0.21363128494970912,0
1536,0,0,0.1143664342207265,0
1537,1,0,0.14857123487694973,0
1538,0,0,0.4214728881763493,0
1539,0,0,0.3269263854661532,0
1540,0,0,0.1235065502562346,0
1541,0,0,0.21580090851815587,0
1542,1,0,0.10910447141338606,0
1543,0,0,0.13036568395850734,0
1544,0,0,0.2663168419717541,0
1545,0,0,0.19562943369276892,0
1546,0,0,0.058211894862785246,0
1547,0,0,0.20908905351321008,0
1548,0,0,0.1443598635120976,0
1549,0,0,0.04325579992036271,0
1550,0,0,0.07409285884046385,0
1551,0,0,0.03781326329154257,0
1552,0,0,0.20663857615955614,0
1553,0,0,0.12645016407292609,0
1554,0,0,0.6506362855808027,0
1555,1,1,0.9929695421345316,1
1556,0,0,0.17210008731489,0
1557,0,0,0.023428502185630636,0
1558,0,0,0.2911179822768996,0
1559,0,0,0.18618728540411783,0
1560,0,0,0.21985653507515282,0
1561,0,0,0.0459902404310555,0
1562,0,0,0.19077817338195116,0
1563,0,0,0.08467456941396083,0
1564,0,0,0.3096067085388459,0
1565,0,0,0.1343081613647261,0
1566,0,0,0.3639142801436489,0
1567,0,0,0.26732472368169513,0
1568,0,0,0.5715406428693087,0
1569,0,0,0.16418298253946914,0
1570,0,0,0.5137479530206078,0
1571,0,0,0.025016979054497308,0
1572,0,0,0.26748527433853925,0
1573,0,0,0.2110926718725356,0
1574,0,0,0.20922996630805799,0
1575,1,1,0.9994603278266921,1
1576,0,0,0.2234581717899291,0
1577,0,0,0.12840808628941017,0
1578,0,0,0.1121580438245117,0
1579,0,0,0.057999288343818414,0
1580,0,0,0.016892068215863653,0
1581,0,0,0.19353135560450857,0
1582,0,0,0.03947644316722442,0
1583,0,0,0.09087267202077982,0
1584,0,0,0.15679824402889853,0
1585,1,1,0.981068923798221,1
1586,1,0,0.1306965096616737,0
1587,1,0,0.5524181558685056,0
1588,0,0,0.043314204934879835,0
1589,0,0,0.27892541111468605,0
1590,0,0,0.022175016658096874,0
1591,0,0,0.2226980987692152,0
1592,1,0,0.373983291211166,0
1593,0,0,0.3292301902738442,0
1594,0,1,0.9827822452354309,1
1595,0,0,0.1116126186363116,0
1596,0,0,0.1273197730123333,0
1597,0,0,0.27984261000399313,0
1598,0,0,0.05568526047531004,0
1599,0,0,0.5441656069784443,0
1600,0,0,0.0935430976210684,0
1601,0,0,0.493462304230168,0
1602,0,0,0.09170768659443472,0
1603,0,0,0.39832293942459496,0
1604,1,1,0.996281740938117,1
1605,0,0,0.037259272115259624,0
1606,0,0,0.14774511289155565,0
1607,0,0,0.48397866934057376,0
1608,0,0,0.09795665941156521,0
1609,0,0,0.04904454187094475,0
1610,0,0,0.12887354009309004,0
1611,0,0,0.1315897873123035,0
1612,0,0,0.104402382516948,0
1613,0,0,0.16567451674010764,0
1614,0,0,0.052067202314975775,0
1615,0,0,0.3910265414440078,0
1616,1,0,0.2915678301303865,0
1617,0,0,0.09358016023049012,0
1618,0,0,0.2340987741545087,0
1619,0,0,0.5204299868512429,0
1620,0,0,0.21680219069426587,0
1621,0,0,0.042280941006575735,0
1622,0,0,0.15509355549417433,0
1623,0,0,0.07696881950926747,0
1624,0,0,0.05022380227385718,0
1625,0,0,0.07590915229104851,0
1626,1,1,0.9982014387277277,1
1627,0,0,0.21662671426959634,0
1628,0,0,0.23431710990877505,0
1629,0,0,0.19812784939911973,0
1630,0,0,0.08478347267061392,0
1631,0,0,0.025272715767905463,0
1632,0,0,0.2442174911616351,0
1633,0,0,0.44463002630652854,0
1634,1,0,0.04261789280605159,0
1635,1,1,0.9942424621608522,1
1636,0,0,0.32329901850386916,0
1637,0,0,0.08346075359723668,0
1638,0,0,0.22006195067183945,0
1639,0,0,0.09448021899869975,0
1640,0,0,0.13085751456761743,0
1641,0,0,0.1926956705678753,0
1642,0,0,0.18767732855273375,0
1643,1,1,0.9995303162523692,1
1644,0,0,0.13519837507127155,0
1645,1,0,0.1996973656090045,0
1646,1,0,0.2679863347219662,0
1647,0,0,0.10805434734986867,0
1648,0,0,0.061209689601232825,0
1649,0,0,0.11210596307457688,0
1650,1,0,0.055783914613825085,0
1651,0,0,0.15233636004869788,0
1652,1,1,0.9968982465892943,1
1653,0,0,0.08396047848024314,0
1654,0,0,0.0585828381408011,0
1655,0,0,0.12577028220743428,0
1656,0,0,0.20705374953327535,0
1657,0,0,0.1611366873672033,0
1658,0,0,0.20969902050472133,0
1659,0,0,0.16971735429849055,0
1660,0,0,0.37407838516297104,0
1661,0,0,0.179419233950347,0
1662,1,1,0.9993033063206842,1
1663,0,0,0.3333181342558393,0
1664,0,0,0.11384507105525225,0
1665,1,1,0.9996299680496108,1
1666,0,0,0.21932924598015932,0
1667,1,1,0.9970361056034182,1
1668,1,0,0.1833296361588799,0
1669,0,0,0.07690333578538885,0
1670,0,0,0.22533612464972486,0
1671,0,0,0.05819690054842508,0
1672,1,1,0.9979701607326112,1
1673,0,0,0.2023099675361939,0
1674,0,0,0.025541699786925633,0
1675,1,0,0.7731432129117287,1
1676,0,0,0.2051557420916411,0
1677,0,0,0.20763797504945114,0
1678,0,0,0.2624329541381655,0
1679,1,1,0.9962625835294122,1
1680,0,0,0.5089602792121278,0
1681,0,0,0.6594192652803315,0
1682,0,0,0.16353450487136267,0
1683,0,0,0.062206452233687065,0
1684,0,0,0.22201419435436187,0
1685,1,0,0.352155179481045,0
1686,1,0,0.11056851065359088,0
1687,0,0,0.20584054434577784,0
1688,0,0,0.2845362484982312,0
1689,0,0,0.11903952722045957,0
1690,0,0,0.04267498261796531,0
1691,0,0,0.11554303981738241,0
1692,0,0,0.22747294125628656,0
1693,0,0,0.24126694093960843,0
1694,0,0,0.13480952664444815,0
1695,0,0,0.08733297140503803,0
1696,0,0,0.037097582752887354,0
1697,0,0,0.12416405686914792,0
1698,0,0,0.11903059298572738,0
1699,0,0,0.22685141919957366,0
1700,0,0,0.3561744491320924,0
1701,0,0,0.38935552964593684,0
1702,0,0,0.28715353787568476,0
1703,0,0,0.1557476000123379,0
1704,0,0,0.14662511292814184,0
1705,0,0,0.15300335564291218,0
1706,0,0,0.3675648069532081,0
1707,0,0,0.0702625739173144,0
1708,0,0,0.1410836660209956,0
1709,0,0,0.2659675924635944,0
1710,0,0,0.4865128127215878,0
1711,1,0,0.8024372642254987,1
1712,0,0,0.17619517745019286,0
1713,0,0,0.0756740615547616,0
1714,0,0,0.09053763293675061,0
1715,0,0,0.16931696540543212,0
1716,1,1,0.9963321124626016,1
1717,0,0,0.12677242350276255,0
1718,0,0,0.07228970021627648,0
1719,0,0,0.08653746465929642,0
1720,0,0,0.05751465590190469,0
1721,1,1,0.9040922721721397,1
1722,0,0,0.6636328388527234,0
1723,0,0,0.09322606859779409,0
1724,0,0,0.20922841888070914,0
1725,0,0,0.2540135543266207,0
1726,0,0,0.24276498801199387,0
1727,0,0,0.3799349006843148,0
1728,0,0,0.3555451555945387,0
1729,0,0,0.1961412487701928,0
1730,0,0,0.15082099324927822,0
1731,0,0,0.044257770998920115,0
1732,0,0,0.17332054068984182,0
1733,0,0,0.17088536014980107,0
1734,0,0,0.08746386674237948,0
1735,0,0,0.06578496660876877,0
1736,0,0,0.07507852602278592,0
1737,0,0,0.04840051231769237,0
1738,1,0,0.5009835962398388,0
1739,0,0,0.412223142643917,0
1740,0,0,0.06243759238218396,0
1741,0,0,0.28479232320568165,0
1742,0,0,0.11114104915324863,0
1743,0,0,0.07139348501474259,0
1744,0,0,0.20730812330558349,0
1745,0,0,0.1634810840409558,0
1746,0,0,0.11522782757842778,0
1747,0,0,0.7022226942229103,0
1748,1,0,0.5583808327583755,0
1749,1,0,0.6184752511075626,0
1750,0,0,0.25125043140722914,0
1751,0,0,0.18495880657655295,0
1752,0,0,0.059869033457872284,0
1753,0,0,0.46165456812067895,0
1754,0,0,0.24624260106908083,0
1755,0,0,0.0525139528449978,0
1756,0,0,0.23024219848139177,0
1757,0,0,0.16805418681501325,0
1758,0,0,0.1434000641105664,0
1759,0,0,0.3412727688475248,0
1760,0,0,0.5614165280356331,0
1761,0,0,0.19445667611438278,0
1762,0,0,0.13090037863863618,0
1763,0,0,0.09662016648948812,0
1764,0,0,0.05137944274072271,0
1765,0,0,0.3524533329756363,0
1766,0,0,0.1310080344059135,0
1767,0,0,0.12207139111105203,0
1768,0,0,0.18471091459095196,0
1769,0,0,0.13269050539993923,0
1770,0,0,0.07822045013537098,0
1771,0,0,0.04827617225902342,0
1772,0,0,0.2427248235452768,0
1773,0,0,0.22347071976060293,0
1774,0,0,0.12171864486383602,0
1775,0,0,0.20902942963401727,0
1776,0,0,0.32165950418402334,0
1777,0,0,0.341015397246295,0
1778,0,0,0.2636683865487914,0
1779,0,0,0.12654993509507664,0
1780,0,0,0.4999755966620492,0
1781,1,0,0.390461318737665,0
1782,0,0,0.04773294583960975,0
1783,0,0,0.07925904361473593,0
1784,0,0,0.03740757739353639,0
1785,0,0,0.02665382000276046,0
1786,0,0,0.05961758761434595,0
1787,0,0,0.11835227364837013,0
1788,0,0,0.32058060708943115,0
1789,0,0,0.08990625550455913,0
1790,1,0,0.4621823756303613,0
1791,0,0,0.12267303308336955,0
1792,1,0,0.22623463798665,0
1793,0,0,0.0155022740799827,0
1794,0,0,0.03140689884414502,0
1795,0,0,0.696581555234951,0
1796,0,0,0.4600992273691979,0
1797,1,1,0.8333591283781869,1
1798,0,0,0.14172383418895507,0
1799,1,0,0.8068565932532218,1
1800,1,0,0.2577678388305095,0
1801,0,0,0.11820027160134058,0
1802,0,0,0.10130534190954264,0
1803,0,0,0.18564101353714754,0
1804,0,0,0.20828848968783834,0
1805,0,0,0.07400472407459797,0
1806,1,0,0.4722193177917451,0
1807,0,0,0.1655961060764041,0
1808,0,0,0.30112173402061837,0
1809,1,0,0.14390484248942378,0
1810,0,0,0.03508828643866354,0
1811,0,0,0.09160688901454266,0
1812,0,0,0.4804005317739133,0
1813,1,1,0.9964427260994647,1
1814,0,0,0.08944969516052913,0
1815,0,0,0.04865653411772156,0
1816,0,0,0.04375022998235471,0
1817,0,0,0.04522072825524861,0
1818,0,0,0.028254622586064447,0
1819,0,0,0.35604945080924066,0
1820,0,0,0.049953044477772886,0
1821,0,0,0.02488690835090346,0
1822,0,0,0.2904370273674929,0
1823,0,0,0.12087982849543685,0
1824,1,0,0.40257044375161966,0
1825,0,0,0.18020302899540194,0
1826,0,0,0.21580044421558245,0
1827,0,0,0.13763780625126984,0
1828,0,0,0.07585878539242993,0
1829,1,0,0.41001474949087235,0
1830,0,0,0.12339035622528677,0
1831,0,0,0.13573398467228504,0
1832,0,0,0.06633537263395278,0
1833,0,0,0.397225548767168,0
1834,0,0,0.2455573718063006,0
1835,1,0,0.407603931408672,0
1836,0,0,0.09777768261696668,0
1837,0,0,0.24531719517416042,0
1838,0,0,0.3068898592657847,0
1839,0,0,0.18715656899944214,0
1840,0,0,0.15966098975601847,0
1841,0,0,0.1066633223219152,0
1842,0,0,0.21644341410437964,0
1843,0,0,0.18449441618036408,0
1844,0,0,0.29509571947660407,0
1845,0,0,0.061522843793736376,0
1846,0,0,0.3649539991193348,0
1847,0,0,0.01964719719300809,0
1848,0,0,0.09284816393221212,0
1849,0,0,0.16317860540019408,0
1850,0,0,0.2868910518623842,0
1851,0,0,0.2513133008259414,0
1852,1,0,0.537146547169888,0
1853,0,0,0.17734463541364245,0
1854,0,0,0.3252357316276386,0
1855,0,0,0.28772600355271805,0
1856,0,0,0.14661776492341927,0
1857,0,0,0.03975923514105779,0
1858,0,0,0.02567149663896983,0
1859,0,0,0.2344072398874335,0
1860,1,1,0.9980013596645326,1
1861,1,0,0.5140693280061768,0
1862,0,0,0.43722222103609804,0
1863,0,0,0.03585834215314697,0
1864,0,0,0.039402182298301974,0
1865,0,0,0.09921782000468492,0
1866,0,0,0.20935529817787046,0
1867,0,0,0.3288526498686769,0
1868,1,1,0.9979462746070323,1
1869,0,0,0.09216011953501756,0
1870,0,0,0.05876790556647269,0
1871,0,0,0.13629100946857284,0
1872,0,0,0.09134162391309988,0
1873,0,0,0.1697442441926277,0
1874,0,0,0.4006779869695602,0
1875,0,0,0.21265832792110176,0
1876,0,0,0.10512147670335704,0
1877,1,1,0.9986863378540916,1
1878,0,0,0.1774765726425367,0
1879,0,0,0.3008892847440825,0
1880,0,0,0.17802805994552082,0
1881,0,0,0.10818743904319637,0
1882,0,0,0.13577969772834528,0
1883,0,0,0.15098606754999525,0
1884,0,0,0.06274719505167206,0
1885,0,0,0.036734749858016585,0
1886,0,0,0.5477488029497734,0
1887,0,0,0.18364172003350118,0
1888,0,0,0.024160204449693582,0
1889,1,0,0.03245722430483849,0
1890,1,1,0.9993633928939936,1
1891,0,0,0.27466377141141995,0
1892,0,0,0.08238705280730357,0
1893,1,1,0.998941391419785,1
1894,0,0,0.10696250373209902,0
1895,0,0,0.36996137650733557,0
1896,0,0,0.23928933342988995,0
1897,0,0,0.18031938861098576,0
1898,0,0,0.2078272746454619,0
1899,0,0,0.13142273614169925,0
1900,1,0,0.5434318943341656,0
1901,0,0,0.2748491929295953,0
1902,0,0,0.1803111525177613,0
1903,0,0,0.04888839941013307,0
1904,1,0,0.13889479445428704,0
1905,0,0,0.04957879048641912,0
1906,0,0,0.18168170797456218,0
1907,0,0,0.03939542269074478,0
1908,0,0,0.06742582579316718,0
1909,0,0,0.08342261457095215,0
1910,1,0,0.14626711977664086,0
1911,0,0,0.11984882914098344,0
1912,0,0,0.24972464506533915,0
1913,0,0,0.0473758039147763,0
1914,0,0,0.20685531683521466,0
1915,0,0,0.18733987890332796,0
1916,1,0,0.4785680720276692,0
1917,0,0,0.33078104455260676,0
1918,0,0,0.5101512505630559,0
1919,0,0,0.26536096972109013,0
1920,0,0,0.22986058258576247,0
1921,0,0,0.33291583536098107,0
1922,0,0,0.20930187171422737,0
1923,0,0,0.12547963909429205,0
1924,0,0,0.05410550831509328,0
1925,0,0,0.5304229083060061,0
1926,0,0,0.2849735583180412,0
1927,0,0,0.12166906055103484,0
1928,0,0,0.0845000782221119,0
1929,0,0,0.1729273996571276,0
1930,1,0,0.47551109480339177,0
1931,0,0,0.09385292394459871,0
1932,0,0,0.3451158830716574,0
1933,0,0,0.14779819109775785,0
1934,0,0,0.06815522263159644,0
1935,0,0,0.15816112935905235,0
1936,0,0,0.05211048516423772,0
1937,0,0,0.0680798024974633,0
1938,0,0,0.25957302749498445,0
1939,1,0,0.6318200722873261,0
1940,0,0,0.5452179252256012,0
1941,0,0,0.13084411438632804,0
1942,0,0,0.08511044215704267,0
1943,0,0,0.36466851094928976,0
1944,0,0,0.08419012231656102,0
1945,0,0,0.12121631478684529,0
1946,0,0,0.11354096724654794,0
1947,0,0,0.3529384550058316,0
1948,0,0,0.07126989038268394,0
1949,0,0,0.33767037534784433,0
1950,0,0,0.39105765369492296,0
1951,0,0,0.1537815716832351,0
1952,1,0,0.35140508545202453,0
1953,0,0,0.07219604037148579,0
1954,0,0,0.2851348575225371,0
1955,0,0,0.03717770261729784,0
1956,0,0,0.14022964406022653,0
1957,0,0,0.0759978804426035,0
1958,1,1,0.845117071187154,1
1959,0,0,0.06669666264466473,0
1960,0,0,0.12446859648275878,0
1961,0,0,0.16312573411042602,0
1962,0,0,0.26461911398107474,0
1963,0,0,0.2655134343499074,0
1964,0,0,0.17541561232584044,0
1965,1,1,0.8638058666750996,1
1966,0,0,0.04971535021167487,0
1967,0,0,0.16859855724839837,0
1968,1,0,0.0853846193772072,0
1969,0,0,0.45679140972565746,0
1970,0,0,0.1360552224104868,0
1971,0,0,0.10664762933583313,0
1972,0,0,0.02670921319881841,0
1973,0,0,0.08713605886605036,0
1974,0,0,0.3494701509680473,0
1975,0,0,0.17268761539850605,0
1976,1,0,0.2826376282698939,0
1977,0,0,0.05920038197389944,0
1978,0,0,0.2381087940704484,0
1979,0,0,0.11266399828748588,0
1980,0,0,0.10947572542598774,0
1981,0,0,0.2731980495612285,0
1982,0,0,0.1622943656117342,0
1983,0,0,0.08127313075083027,0
1984,0,0,0.1561332472010555,0
1985,0,0,0.18379985558386738,0
1986,0,0,0.02515926286350443,0
1987,1,0,0.1381441835904906,0
1988,0,0,0.2793109367148579,0
1989,1,0,0.19173422108484917,0
1990,0,0,0.39796256334900176,0
1991,0,0,0.20437123189541168,0
1992,0,0,0.1151934726796883,0
1993,0,0,0.12534448026634343,0
1994,0,0,0.16786918426148742,0
1995,0,0,0.25399466073771426,0
1996,0,0,0.05509214919963828,0
1997,0,0,0.10557986833885502,0
1998,0,0,0.3033326338462044,0
1999,0,0,0.4601938684643851,0
2000,0,0,0.08581419659005517,0
2001,0,0,0.14238237941076948,0
2002,0,0,0.06206216647068576,0
2003,0,0,0.5966774645751245,0
2004,0,0,0.21000966222766765,0
2005,0,0,0.2913930255124388,0
2006,0,0,0.03651662190668118,0
2007,0,0,0.5397496151531153,0
2008,0,0,0.237150381457239,0
2009,0,0,0.06536776266478143,0
2010,0,0,0.07777347718754767,0
2011,0,0,0.12455504707164218,0
2012,0,0,0.2221732049609876,0
2013,0,0,0.20720078830025965,0
2014,0,0,0.07813695697272809,0
2015,0,0,0.1249891269885904,0
2016,1,0,0.2801594863076717,0
2017,0,0,0.47859027925874703,0
2018,0,0,0.08108453529818067,0
2019,0,0,0.06992562006507096,0
2020,0,0,0.0723625829472386,0
2021,0,0,0.1221461287078071,0
2022,0,0,0.04667019950164462,0
2023,0,0,0.47777511550653806,0
2024,0,0,0.04065056103625528,0
2025,0,0,0.20808317938847815,0
2026,0,0,0.16882271069565302,0
2027,0,0,0.06638089960461473,0
2028,0,0,0.16203508339838962,0
2029,1,0,0.37218395343926725,0
2030,0,0,0.24880172985458418,0
2031,0,0,0.12041927719612162,0
2032,0,0,0.3604778423600636,0
2033,0,0,0.05497488555574179,0
2034,1,1,0.8458921205432846,1
2035,1,0,0.030422142214839534,0
2036,0,0,0.26965419282046266,0
2037,0,0,0.09627277289499045,0
2038,0,0,0.1374508547437315,0
2039,0,0,0.3399354679190433,0
2040,0,0,0.18942486016221594,0
2041,0,0,0.45457239222114637,0
2042,0,0,0.22606315496284898,0
2043,1,0,0.510768411362275,0
2044,0,0,0.16896841711946203,0
2045,0,0,0.3767187093990923,0
2046,0,0,0.0891200413629776,0
2047,0,0,0.31451500402575877,0
2048,0,0,0.20227383022838014,0
2049,0,0,0.10493737518537241,0
2050,0,0,0.05044966018210607,0
2051,0,0,0.34965014178395076,0
2052,0,0,0.220055789598181,0
2053,0,0,0.1579835290462321,0
2054,1,0,0.3833818220983068,0
2055,0,0,0.01784972235581733,0
2056,0,0,0.3969184348261604,0
2057,0,0,0.22034782722380394,0
2058,0,0,0.1256232805965915,0
2059,0,0,0.04745526155954617,0
2060,0,0,0.06454658740233596,0
2061,0,0,0.8107985878629206,1
2062,0,0,0.5643235158721374,0
2063,0,0,0.08351440541952289,0
2064,0,0,0.5240456009806449,0
2065,0,0,0.22097845054563503,0
2066,0,0,0.10051070848964347,0
2067,0,0,0.19744436645887592,0
2068,0,0,0.23922056314933707,0
2069,1,1,0.8158471765603637,1
2070,0,0,0.044603739632522406,0
2071,1,0,0.12171697851973455,0
2072,0,0,0.08287400524256201,0
2073,1,1,0.8879374029591175,1
2074,0,0,0.14487664893306978,0
2075,1,1,0.9938250813375205,1
2076,1,0,0.21836305845855322,0
2077,0,0,0.14477501462374026,0
2078,0,0,0.053619214181135515,0
2079,0,0,0.09967581638533113,0
2080,0,0,0.2891881786133105,0
2081,0,0,0.036749809601651307,0
2082,0,0,0.2102494827496476,0
2083,1,1,0.9993174153085347,1
2084,0,0,0.19157331478948803,0
2085,0,0,0.2119832190415968,0
2086,0,0,0.18831092484147988,0
2087,0,0,0.6313597034482366,0
2088,0,0,0.5364678343233656,0
2089,0,0,0.30571012274221127,0
2090,0,0,0.08126976258064654,0
2091,0,0,0.39119258648340827,0
2092,0,0,0.11761775809795329,0
2093,0,0,0.25810943707174977,0
2094,0,0,0.16865476912993957,0
2095,0,0,0.10036342480816307,0
2096,0,0,0.3076350928886839,0
2097,0,0,0.10461973449329154,0
2098,0,0,0.3654621217270077,0
2099,0,0,0.07694966498976938,0
2100,0,0,0.11634310133680156,0
2101,1,0,0.5409453947701863,0
2102,0,0,0.028520847113694073,0
2103,0,0,0.2367978534639849,0
2104,0,0,0.035992237437476794,0
2105,0,0,0.19403895729166887,0
2106,0,0,0.03983587508239783,0
2107,0,0,0.12877886769218783,0
2108,1,0,0.08208460031550467,0
2109,0,0,0.08770323618637998,0
2110,0,0,0.2420479040207474,0
2111,0,0,0.13803564029358265,0
2112,0,0,0.22488788032400941,0
2113,0,0,0.08136868651144562,0
2114,0,0,0.1623998978010862,0
2115,0,0,0.1578001380140761,0
2116,0,0,0.0391649242801996,0
2117,0,0,0.12479526494270339,0
2118,0,0,0.04862671161326453,0
2119,0,0,0.12475712463444719,0
2120,1,0,0.17053179658314857,0
2121,0,0,0.045737642173878476,0
2122,0,0,0.42726301048219995,0
2123,0,0,0.02144687605317961,0
2124,0,0,0.08485861249699927,0
2125,0,0,0.22281087104616323,0
2126,0,0,0.13315231100662073,0
2127,0,0,0.37712003941921823,0
2128,0,0,0.06670955553018708,0
2129,0,0,0.07375879745341342,0
2130,0,1,0.893192512938606,1
2131,0,0,0.0992978733893801,0
2132,0,0,0.06729189387665137,0
2133,0,0,0.6037667265373264,0
2134,0,0,0.06701732723503172,0
2135,0,0,0.023996718605555797,0
2136,0,0,0.1592862892638022,0
2137,0,0,0.08991837870024211,0
2138,1,0,0.4535124985158875,0
2139,0,0,0.2537041078087968,0
2140,0,0,0.020989377509597444,0
2141,1,0,0.604126865422765,0
2142,1,0,0.19861602159643002,0
2143,0,0,0.06482864903658535,0
2144,0,0,0.06361219070250104,0
2145,0,0,0.06564551790981238,0
2146,0,0,0.2774320654434857,0
2147,0,0,0.11852970535880157,0
2148,0,0,0.16311564807927648,0
2149,0,0,0.19821931025409953,0
2150,0,0,0.15851518760729147,0
2151,0,0,0.13864567546053733,0
2152,0,0,0.2733218235246674,0
2153,0,0,0.08452467167999013,0
2154,1,1,0.8946403709543026,1
2155,0,0,0.1783288407562604,0
2156,0,0,0.038211832973786955,0
2157,0,0,0.04037971749571043,0
2158,0,0,0.1343197942876843,0
2159,1,0,0.236383905124345,0
2160,0,0,0.07845855737506802,0
2161,0,0,0.32797101298163406,0
2162,0,0,0.1445149520370588,0
2163,0,0,0.1709064782898944,0
2164,0,0,0.11292587170908719,0
2165,0,0,0.09622867998684342,0
2166,0,0,0.2645654973311395,0
2167,0,0,0.14987468903799953,0
2168,0,0,0.2834795362591595,0
2169,0,0,0.360037751578957,0
2170,0,0,0.17935027513805882,0
2171,0,0,0.09963070447503965,0
2172,0,0,0.08463046402904797,0
2173,0,0,0.21891967429334644,0
2174,0,0,0.09082648858181709,0
2175,0,0,0.02896721183075605,0
2176,0,0,0.10315851377555343,0
2177,0,0,0.20611344229020917,0
2178,0,0,0.18610693372578063,0
2179,0,0,0.11752602895807768,0
2180,1,1,0.998555751501066,1
2181,0,0,0.1340536554999695,0
2182,0,0,0.6134921233819217,0
2183,0,0,0.10392841032845995,0
2184,0,0,0.5071845045947957,0
2185,0,0,0.035855158446307676,0
2186,1,1,0.9988664056819884,1
2187,0,0,0.3999798962903851,0
2188,0,0,0.12022719789849756,0
2189,0,0,0.18302520147206838,0
2190,1,0,0.39338641410684755,0
2191,0,0,0.4942818846694116,0
2192,0,0,0.13791798251261114,0
2193,0,0,0.1439971033411735,0
2194,0,0,0.13045297897657876,0
2195,0,0,0.2704584412094781,0
2196,0,0,0.29183903146526885,0
2197,0,0,0.2149317038396443,0
2198,1,0,0.5534377442762833,0
2199,0,0,0.4303556162562409,0
2200,0,0,0.14893225548484645,0
2201,0,0,0.12627650126293566,0
2202,0,0,0.2863804282812295,0
2203,0,0,0.05861957569087328,0
2204,0,0,0.07542004549978465,0
2205,1,1,0.9994804521837948,1
2206,0,0,0.2712632653493243,0
2207,0,0,0.37067018282184017,0
2208,0,0,0.04673360869461121,0
2209,0,0,0.3919703743613126,0
2210,1,0,0.14328997162733492,0
2211,0,0,0.24796810988588175,0
2212,1,0,0.06699930871697572,0
2213,0,0,0.17442593009173943,0
2214,0,0,0.11646490844681494,0
2215,0,0,0.649292380626324,0
2216,0,0,0.18780008545329369,0
2217,0,0,0.1442854711113934,0
2218,1,0,0.3996312476980886,0
2219,0,0,0.049227319461499885,0
2220,0,0,0.05967757731840965,0
2221,0,0,0.11976659037926199,0
2222,0,0,0.2927563865371071,0
2223,0,0,0.2488942962252817,0
2224,0,0,0.025433007794521914,0
2225,0,0,0.10927517805726591,0
2226,0,0,0.06728824273300216,0
2227,0,0,0.22360691040411224,0
2228,0,0,0.24787784245071762,0
2229,0,0,0.05307894997440666,0
2230,0,0,0.1789987796420297,0
2231,0,0,0.043029922484519895,0
2232,0,0,0.4585342623106252,0
2233,0,0,0.16529232628505247,0
2234,1,1,0.9990359719057421,1
2235,0,0,0.0981932766742732,0
2236,1,0,0.7131319779637195,0
2237,1,0,0.19403468765043494,0
2238,1,0,0.4103840435221222,0
2239,1,0,0.46019535582672105,0
2240,0,0,0.1133117064123406,0
2241,0,0,0.09725164072392992,0
2242,0,0,0.04369129951621479,0
2243,0,0,0.04721590408763501,0
2244,0,0,0.5283863080914327,0
2245,0,0,0.08898037996564752,0
2246,0,0,0.1290685439402574,0
2247,0,0,0.13152970712804177,0
2248,0,0,0.0829758376882586,0
2249,1,1,0.9970348851491571,1
2250,0,0,0.032377392762986096,0
2251,0,0,0.39207955285573487,0
2252,0,0,0.05769143108721778,0
2253,0,0,0.11344540346269598,0
2254,0,0,0.09806924425159554,0
2255,1,1,0.9953645378995973,1
2256,0,0,0.3020040112529972,0
2257,0,0,0.02580175439457192,0
2258,0,0,0.042553537173889544,0
2259,0,0,0.22756424147092252,0
2260,1,0,0.17249712354474284,0
2261,0,0,0.044864992581947434,0
2262,0,0,0.054492310222746775,0
2263,0,0,0.22957668480098742,0
2264,0,0,0.6185603500965263,0
2265,0,0,0.5536488474802636,0
2266,0,0,0.7119512436665185,0
2267,0,0,0.12224519916810582,0
2268,0,0,0.26489667063262334,0
2269,0,0,0.36929023361521585,0
2270,1,0,0.25197024621879066,0
2271,0,0,0.08160563433331376,0
2272,0,0,0.09540465250568171,0
2273,0,0,0.07814721279984853,0
2274,0,0,0.03194071248918437,0
2275,0,0,0.14526568903597228,0
2276,0,0,0.1852497212043174,0
2277,0,0,0.11956812704352543,0
2278,0,0,0.31194478637608253,0
2279,0,0,0.11144308210479457,0
2280,0,0,0.2881227058466375,0
2281,0,0,0.11921233913503673,0
2282,0,0,0.44139158226307423,0
2283,0,0,0.4156032369586787,0
2284,0,0,0.11753255777522449,0
2285,0,0,0.10167897604248674,0
2286,0,0,0.0388905344364742,0
2287,0,0,0.44650005782856134,0
2288,0,0,0.2743509026473517,0
2289,0,0,0.1764611701743856,0
2290,0,0,0.1799677672327585,0
2291,0,0,0.18464068685006188,0
2292,0,0,0.39744556353114124,0
2293,1,0,0.3525380536342401,0
2294,0,0,0.4531952464884199,0
2295,0,0,0.1427499538627437,0
2296,0,0,0.05298514979854962,0
2297,0,0,0.3172115071968712,0
2298,0,0,0.19920323616906696,0
2299,0,0,0.1498225951814488,0
2300,0,0,0.05052828136905329,0
2301,0,0,0.526931023874791,0
2302,0,0,0.18070234353191839,0
2303,0,0,0.0959681327095438,0
2304,1,0,0.029931194956099676,0
2305,1,0,0.02752101969846773,0
2306,1,1,0.998200214286589,1
2307,0,0,0.0272818726159489,0
2308,0,0,0.15779819298673514,0
2309,0,0,0.23909898893973403,0
2310,1,1,0.9989057266318094,1
2311,0,0,0.11335813741364137,0
2312,1,0,0.6055081869132799,0
2313,0,0,0.4405464052703167,0
2314,1,0,0.12777579424701677,0
2315,1,0,0.4833149643117151,0
2316,0,0,0.11522141408466015,0
2317,0,0,0.05542386925326582,0
2318,1,0,0.05495231925267747,0
2319,0,0,0.0320569539958304,0
2320,1,0,0.5830489898280815,0
2321,0,0,0.07448415038448702,0
2322,0,0,0.1024936924753247,0
2323,1,1,0.9995559075237364,1
2324,0,0,0.11341642907685578,0
2325,0,0,0.2840409615828235,0
2326,0,0,0.09067987036977841,0
2327,0,0,0.24025591734556823,0
2328,0,0,0.08822530983856869,0
2329,0,0,0.31077467117454255,0
2330,1,1,0.9466193119351317,1
2331,1,1,0.9972951635982528,1
2332,0,0,0.19653184710526164,0
2333,0,0,0.2274191469919618,0
2334,0,0,0.24800220781194357,0
2335,1,0,0.3314949094087514,0
2336,0,0,0.037700071010706396,0
2337,0,0,0.027392109803164477,0
2338,0,0,0.06602964675221229,0
2339,1,0,0.6778257430771414,0
2340,0,0,0.6462868694810179,0
2341,1,1,0.9986440900407024,1
2342,0,0,0.08061773677648694,0
2343,0,0,0.28616780940243747,0
2344,0,0,0.16717811214638872,0
2345,1,0,0.3295901780029059,0
2346,1,1,0.9964347991082029,1
2347,0,0,0.7154494641613652,0
2348,0,0,0.08868017786359149,0
2349,0,0,0.4586580054413799,0
2350,0,0,0.13132570736199134,0
2351,0,0,0.12612822381949843,0
2352,0,0,0.04079176768180601,0
2353,1,0,0.07595183531049106,0
2354,0,0,0.11450122839406306,0
2355,0,0,0.13474061863196607,0
2356,0,0,0.055351724639348496,0
2357,1,0,0.5954817737855076,0
2358,0,0,0.05638806532655275,0
2359,0,0,0.04292958110466215,0
2360,0,0,0.016450185882283603,0
2361,1,0,0.08790957840847875,0
2362,0,0,0.17813159809038992,0
2363,0,0,0.09070422214404569,0
2364,0,0,0.7602282338529397,1
2365,0,0,0.12014936781553427,0
2366,0,0,0.04477361466584666,0
2367,0,0,0.13663174490275204,0
2368,1,0,0.0996462550781481,0
2369,0,0,0.164748095591152,0
2370,0,0,0.25129604213757384,0
2371,0,0,0.056881434715752535,0
2372,0,0,0.3988252643358016,0
2373,0,0,0.24780941081432623,0
2374,1,0,0.467260036560833,0
2375,0,0,0.6731640215880929,0
2376,0,0,0.255864377225367,0
2377,0,0,0.20126991157016644,0
2378,0,0,0.2272426630673394,0
2379,0,0,0.11363546357737073,0
2380,0,0,0.04712733431344151,0
2381,0,0,0.19393136392300087,0
2382,0,1,0.9414569187657257,1
2383,0,0,0.6528252571727995,0
2384,0,0,0.16154437164636712,0
2385,0,0,0.11982251388948305,0
2386,1,1,0.8648124636675004,1
2387,0,0,0.12742001046867515,0
2388,0,0,0.1305629663069805,0
2389,0,0,0.17787071764849835,0
2390,0,0,0.08877353434700457,0
2391,0,0,0.23272646397073604,0
2392,0,0,0.13162043704281207,0
2393,0,0,0.2425119048101351,0
2394,0,0,0.10186770529625339,0
2395,0,0,0.24297827164009272,0
2396,0,0,0.10927482770937665,0
2397,0,0,0.19384168107796343,0
2398,0,0,0.23948759175645576,0
2399,0,0,0.227882692898042,0
2400,1,0,0.7350659332643178,1
2401,0,0,0.11716022930770706,0
2402,0,0,0.5331333480889691,0
2403,0,0,0.07417669299805857,0
2404,0,0,0.07050284935506063,0
2405,0,0,0.09259456251284774,0
2406,0,0,0.08036310522648805,0
2407,0,0,0.07118018971991513,0
2408,0,0,0.1810783994158264,0
2409,0,0,0.05415135134536173,0
2410,0,0,0.1522867490037107,0
2411,1,0,0.0931147145737677,0
2412,0,0,0.13233747503282256,0
2413,0,0,0.355196846608464,0
2414,0,0,0.5479082585814932,0
2415,0,0,0.34005117458117606,0
2416,0,0,0.12447303156104869,0
2417,0,0,0.36490777404800107,0
2418,0,0,0.3805537055536841,0
2419,0,0,0.23894261554978535,0
2420,0,0,0.07929986815972288,0
2421,1,1,0.9976310926240346,1
2422,0,0,0.41325665042662746,0
2423,0,0,0.06842469749805057,0
2424,0,0,0.1784321948098143,0
2425,0,0,0.03827297777203492,0
2426,0,0,0.3014062934743414,0
2427,0,0,0.17808271782516852,0
2428,0,0,0.18653545199229668,0
2429,0,0,0.1539111255039373,0
2430,0,0,0.3835148977213848,0
2431,0,0,0.16140254914554603,0
2432,1,0,0.05558608864984331,0
2433,0,0,0.06269309565988028,0
2434,0,0,0.07721227806976266,0
2435,0,0,0.09805753785521899,0
2436,0,0,0.11261621755430078,0
2437,0,0,0.15614845848269177,0
2438,0,0,0.11518907900742846,0
2439,0,0,0.05777869048550414,0
2440,0,0,0.03829598224331237,0
2441,0,0,0.049899629818037,0
2442,0,0,0.16927692833497504,0
2443,0,0,0.06711746372647608,0
2444,0,0,0.7051891008615114,0
2445,0,0,0.36799098271554526,0
2446,0,0,0.26009481756845165,0
2447,1,1,0.9988129847985706,1
2448,0,0,0.45818849010882723,0
2449,0,0,0.10733728317101696,0
2450,0,0,0.20774951640274084,0
2451,0,0,0.03048521375387397,0
2452,0,0,0.04853937707101333,0
2453,0,0,0.2656328781358403,0
2454,0,0,0.26095582363885556,0
2455,0,0,0.05914265445077853,0
2456,0,0,0.30073316604559575,0
2457,0,0,0.22575515073121738,0
2458,0,0,0.06218472182079523,0
2459,0,0,0.11239882883553458,0
2460,0,0,0.11645649017089921,0
2461,0,0,0.14619766617067964,0
2462,0,0,0.5596759113420176,0
2463,0,0,0.027931053028232636,0
2464,0,0,0.08101882242454399,0
2465,0,0,0.17887261274719088,0
2466,0,0,0.3431785869298765,0
2467,0,0,0.29334053697048434,0
2468,0,0,0.04130027693610357,0
2469,1,1,0.9992818480896833,1
2470,0,0,0.0816312265266614,0
2471,0,0,0.060659376513049264,0
2472,0,0,0.03306316895178014,0
2473,0,0,0.07146256491577473,0
2474,0,0,0.16458351034455226,0
2475,0,0,0.21962182849109085,0
2476,0,0,0.26568531254168337,0
2477,0,0,0.1792709035603396,0
2478,0,0,0.10405646595895618,0
2479,0,0,0.22284741581654902,0
2480,0,0,0.3869387029581627,0
2481,0,0,0.07250078518085408,0
2482,0,0,0.10957505608038298,0
2483,0,0,0.12675758625493774,0
2484,0,0,0.03521554855964498,0
2485,0,0,0.1218410797919264,0
2486,0,0,0.5003070823097963,0
2487,0,0,0.2546272006972655,0
2488,0,0,0.4514165754300993,0
2489,0,0,0.21948104964720605,0
2490,0,0,0.11172295219469358,0
2491,0,0,0.05521557483549084,0
2492,0,0,0.12281027466239765,0
2493,0,0,0.40396246047530526,0
2494,0,0,0.18439883626135686,0
2495,0,0,0.1952668662973497,0
2496,0,0,0.3484408569761586,0
2497,0,0,0.3634079930475855,0
2498,1,1,0.9996507219238178,1
2499,0,0,0.10916926264934237,0
2500,0,0,0.16187411113566694,0
2501,0,0,0.5121717663510134,0
2502,0,0,0.19953629301128123,0
2503,0,0,0.2328460246863319,0
2504,0,0,0.2556782844301024,0
2505,0,0,0.3531242871592125,0
2506,0,0,0.17972602102189508,0
2507,0,0,0.02139565048920558,0
2508,1,0,0.039552500578748796,0
2509,0,0,0.1546807062549089,0
2510,0,0,0.0674777990860996,0
2511,0,0,0.1517241834593831,0
2512,1,0,0.4365633657970457,0
2513,0,0,0.18996519557805724,0
2514,0,0,0.33734812960038923,0
2515,0,0,0.12173360367735397,0
2516,1,0,0.7237676741689355,0
2517,0,0,0.2826695699485356,0
2518,0,0,0.23329911041864018,0
2519,0,0,0.18610473829784566,0
2520,0,0,0.33034010468749636,0
2521,0,0,0.050060233862446776,0
2522,0,0,0.09181379056044432,0
2523,0,0,0.030283287906218405,0
2524,0,0,0.10402772302994422,0
2525,0,0,0.0547945152947877,0
2526,0,0,0.16981558780138195,0
2527,0,0,0.21320588805477075,0
2528,0,0,0.138461703393794,0
2529,0,0,0.1231524222766047,0
2530,0,0,0.20267209130181837,0
2531,0,0,0.31669033515719336,0
2532,0,0,0.058831460865240943,0
2533,0,0,0.0576721105252966,0
2534,0,0,0.03816995484359243,0
2535,0,0,0.3988268966019128,0
2536,0,0,0.34905474685384597,0
2537,0,0,0.04501813566288472,0
2538,0,0,0.5339870903826136,0
2539,0,0,0.23048416579547504,0
2540,0,0,0.09784894073542427,0
2541,0,0,0.13131958420311138,0
2542,0,0,0.3762961009831387,0
2543,0,0,0.049907248559428435,0
2544,0,0,0.20343292598112156,0
2545,0,0,0.06601055392008368,0
2546,0,0,0.312221458972735,0
2547,0,0,0.04948900772831838,0
2548,0,0,0.03913319115108514,0
2549,0,0,0.16568507811286223,0
2550,1,0,0.4513710671874071,0
2551,0,0,0.6131626884757782,0
2552,0,0,0.022075512110411973,0
2553,0,0,0.058054848520328606,0
2554,0,0,0.19909603414836075,0
2555,0,0,0.25359337379869923,0
2556,1,0,0.05507932758027671,0
2557,0,0,0.04091000829465713,0
2558,0,0,0.0476543218280139,0
2559,0,0,0.059128572873648526,0
2560,0,0,0.16952163203891807,0
2561,0,0,0.04423448600396524,0
2562,0,0,0.1786989947317354,0
2563,0,0,0.2885217087741829,0
2564,0,0,0.1259960398813382,0
2565,0,0,0.07435927614999419,0
2566,0,0,0.07460318059263477,0
2567,0,0,0.05980576379147959,0
2568,0,0,0.40269819099101845,0
2569,0,0,0.4651002810634521,0
2570,1,1,0.9985004590863069,1
2571,0,0,0.20779810014337954,0
2572,0,0,0.050746898265142226,0
2573,0,0,0.26217048746920363,0
2574,0,0,0.08605193767466389,0
2575,0,0,0.11116293725343096,0
2576,1,1,0.9920051953744461,1
2577,0,0,0.24798800453513875,0
2578,0,0,0.6455170180362952,0
2579,0,0,0.24163517298576503,0
2580,0,0,0.4209200999895734,0
2581,0,0,0.24692620863745265,0
2582,0,0,0.17399702294191097,0
2583,0,0,0.14289524929105638,0
2584,0,0,0.05669426093289843,0
2585,0,0,0.3976811068690614,0
2586,0,0,0.10733232527767794,0
2587,0,0,0.14638020271957675,0
2588,0,0,0.05994043451750285,0
2589,0,0,0.11773999153829283,0
2590,0,0,0.3634172806329322,0
2591,0,0,0.3807787949158794,0
2592,0,0,0.06988066590704281,0
2593,0,0,0.05087556000255471,0
2594,1,0,0.17808531916562637,0
2595,0,0,0.04573182595983346,0
2596,0,0,0.2297132742190295,0
2597,0,0,0.28820223994145977,0
2598,0,0,0.13846863851986713,0
2599,0,0,0.16587465634270165,0
2600,0,0,0.08585300984354509,0
2601,0,0,0.1904701788238424,0
2602,0,0,0.12354790256131863,0
2603,0,0,0.15335790642155822,0
2604,0,0,0.32657068659423766,0
2605,0,0,0.1457322674031134,0
2606,0,0,0.21197812344241135,0
2607,0,0,0.1665388319413239,0
2608,1,0,0.3143725908470948,0
2609,1,1,0.9994800582627085,1
2610,0,0,0.026003722572499527,0
2611,1,0,0.5751641177208903,0
2612,0,0,0.436077952010099,0
2613,1,0,0.09940264245010742,0
2614,0,0,0.03395914188352459,0
2615,0,0,0.5993395134916051,0
2616,0,0,0.27841423405498256,0
2617,0,0,0.06134875969201275,0
2618,0,0,0.20396472475761404,0
2619,0,0,0.0977367369903282,0
2620,0,0,0.3689395387602157,0
2621,1,0,0.2681730605715736,0
2622,0,0,0.25075473351228245,0
2623,0,0,0.14570517513427858,0
2624,0,0,0.14593243865154093,0
2625,0,0,0.2971071613046371,0
2626,0,0,0.034079944650915066,0
2627,0,0,0.1857474160554383,0
2628,0,0,0.7627627889727056,1
2629,0,0,0.5003778948744171,0
2630,0,0,0.4129720578763944,0
2631,0,0,0.06330376938865562,0
2632,0,0,0.1693091846542579,0
2633,1,1,0.9938908801262121,1
2634,0,0,0.12446093848137973,0
2635,0,0,0.13944213071787986,0
2636,0,0,0.22141765611331637,0
2637,0,0,0.30477214931959185,0
2638,0,0,0.03761287532363619,0
2639,0,0,0.51810349721561,0
2640,0,0,0.742249104293489,1
2641,0,0,0.4368686402271764,0
2642,0,0,0.41728546948732104,0
2643,0,0,0.6356610013507557,0
2644,0,0,0.11592896966081212,0
2645,0,0,0.42437533011533796,0
2646,0,0,0.1138296285482136,0
2647,0,0,0.19667765521594452,0
2648,0,0,0.034246159121902896,0
2649,0,0,0.06302874346177116,0
2650,0,0,0.1337093803110173,0
2651,0,0,0.41006731506725663,0
2652,0,0,0.3134488501260558,0
2653,0,0,0.09760767801848004,0
2654,1,0,0.7110530947014623,0
2655,1,0,0.4196506192000988,0
2656,0,0,0.04630331703056386,0
2657,0,0,0.05920379454155155,0
2658,0,0,0.15379260033037406,0
2659,0,0,0.04257207426783648,0
2660,0,0,0.532754639734278,0
2661,0,0,0.07573280270636694,0
2662,0,0,0.43821527962138535,0
2663,1,0,0.06389327983954286,0
2664,0,0,0.18968709611272888,0
2665,1,1,0.9935046017672218,1
2666,0,0,0.4663761666278769,0
2667,0,0,0.11414237003966314,0
2668,1,1,0.996757251337228,1
2669,0,0,0.6831986448723456,0
2670,0,0,0.19983837919992156,0
2671,0,0,0.1407350002777348,0
2672,0,0,0.11585373107760152,0
2673,0,0,0.09873533805441327,0
2674,0,0,0.08555608279013481,0
2675,0,0,0.0939514341839694,0
2676,0,0,0.157012938935821,0
2677,0,0,0.07887382807462619,0
2678,1,0,0.4054047467479231,0
2679,0,0,0.1445087401691048,0
2680,1,0,0.06161516704167201,0
2681,0,0,0.2784843974605468,0
2682,0,0,0.0798800546194455,0
2683,0,0,0.3250577310320657,0
2684,0,0,0.03675274136022325,0
2685,0,0,0.22210031369871308,0
2686,0,0,0.15431842106876403,0
2687,0,0,0.10652844099488872,0
2688,0,0,0.0749559027727341,0
2689,0,0,0.028043417880776,0
2690,0,0,0.16679035569769463,0
2691,0,0,0.07692805394465659,0
2692,0,0,0.09143700672601289,0
2693,0,0,0.04889531400647644,0
2694,0,0,0.24260163124178544,0
2695,0,0,0.08968659093797618,0
2696,1,1,0.9990820977438815,1
2697,0,0,0.16928364346336902,0
2698,0,0,0.1818857706315044,0
2699,1,1,0.9964799543393287,1
2700,0,0,0.4681420657166428,0
2701,1,0,0.2179620965078216,0
2702,0,0,0.4467119911693777,0
2703,0,0,0.19790807617553605,0
2704,0,0,0.2094452399924304,0
2705,0,0,0.09134979805412598,0
2706,0,0,0.31297626330736444,0
2707,0,0,0.10776669399108396,0
2708,0,0,0.1924401568310796,0
2709,0,0,0.4800144859826635,0
2710,0,0,0.20708602817369726,0
2711,0,0,0.06944834625583182,0
2712,0,0,0.13059253396917825,0
2713,0,0,0.23363054242457928,0
2714,0,0,0.4641398026962968,0
2715,0,0,0.10254988573348388,0
2716,0,0,0.19606261099263622,0
2717,0,0,0.36448332313674625,0
2718,1,1,0.9933120774732256,1
2719,0,0,0.7335186283562083,0
2720,1,0,0.09573386996717774,0
2721,0,0,0.29438130873903967,0
2722,0,0,0.05805533920962411,0
2723,0,0,0.2033792933285898,0
2724,0,0,0.17926417641968298,0
2725,0,0,0.43628225485063205,0
2726,0,0,0.17060661237716912,0
2727,0,0,0.6299877769043174,0
2728,0,0,0.20162287426106637,0
2729,0,0,0.5115613688451855,0
2730,0,0,0.1869773903285621,0
2731,0,0,0.0437393067206807,0
2732,1,1,0.9984010665913594,1
2733,0,0,0.29611325278593237,0
2734,1,0,0.1872758943016438,0
2735,0,0,0.17561534182888347,0
2736,0,0,0.20617481132236662,0
2737,1,0,0.48783814633401096,0
2738,0,0,0.19808838461233572,0
2739,0,0,0.290147614403971,0
2740,0,0,0.11578576168484377,0
2741,1,0,0.17349097854783355,0
2742,0,0,0.11236121293371208,0
2743,1,0,0.4962530184641399,0
2744,0,0,0.11062595610885627,0
2745,0,0,0.4775100911788141,0
2746,0,0,0.10027589906001703,0
2747,0,0,0.641285200210125,0
2748,0,0,0.10098895127228487,0
2749,1,0,0.1315600891633722,0
2750,0,0,0.28422305909024176,0
2751,0,0,0.6094284955202756,0
2752,0,0,0.07418564421092239,0
2753,0,0,0.1372854309061607,0
2754,0,0,0.09091796074151755,0
2755,0,0,0.04671885657997171,0
2756,0,0,0.10350300315630691,0
2757,1,1,0.994994938071511,1
2758,0,0,0.0865666094922016,0
2759,0,0,0.1320286437119885,0
2760,1,1,0.9897504533331535,1
2761,0,0,0.2032872342091707,0
2762,0,0,0.32665475039919695,0
2763,0,0,0.14633406184580033,0
2764,0,0,0.11223980649291139,0
2765,0,0,0.0920803667657677,0
2766,0,0,0.1708465060400195,0
2767,0,0,0.0402373961191902,0
2768,0,0,0.38631904177065374,0
2769,0,0,0.22117657458481646,0
2770,0,0,0.0570776443317442,0
2771,0,0,0.20337658453679372,0
2772,0,0,0.035682972330313166,0
2773,0,0,0.09379557971620352,0
2774,1,0,0.4183257979533598,0
2775,0,0,0.14673625304554083,0
2776,0,0,0.46534326040408214,0
2777,1,1,0.8543691032504563,1
2778,0,0,0.10981526998964805,0
2779,0,0,0.032372001719587706,0
2780,0,0,0.25825413469982594,0
2781,0,0,0.4540181359962648,0
2782,0,0,0.486151757711585,0
2783,0,0,0.2562689047556835,0
2784,0,0,0.4357749058462214,0
2785,0,0,0.3090376912822434,0
2786,1,0,0.14203576378623123,0
2787,0,0,0.11248508086801931,0
2788,0,0,0.05410125233708113,0
2789,0,0,0.5454032727718253,0
2790,0,0,0.03201792140009839,0
2791,0,0,0.10268556646790794,0
2792,0,0,0.22595951526815633,0
2793,0,0,0.1922610224827509,0
2794,0,0,0.16250510703999455,0
2795,0,0,0.19700940466077166,0
2796,0,0,0.15932547195810517,0
2797,1,0,0.1861592780987295,0
2798,1,0,0.6827008722092178,0
2799,0,0,0.16900409097271327,0
2800,0,0,0.03743070998334084,0
