Employee ID,Actual,Prediction,Probability
1001,0,0,0.18657275483223248
1002,0,0,0.0354618833454001
1003,0,0,0.06531769155321776
1004,0,0,0.6086096378425463
1005,0,0,0.09064864322356825
1006,1,0,0.6139969835729518
1007,0,0,0.6222966115417021
1008,0,0,0.1660667897567832
1009,0,0,0.2253444698078278
1010,0,0,0.3672983952156745
1011,0,0,0.560727864836936
1012,0,0,0.2072471661928467
1013,0,0,0.04476488763465283
1014,1,0,0.21325760157714058
1015,1,0,0.2968346025057644
1016,1,1,0.8304001551915153
1017,0,0,0.11959382230829121
1018,0,0,0.1729286982598402
1019,0,0,0.15161641439915288
1020,1,0,0.52007291130915
1021,0,0,0.18956886293136616
1022,0,0,0.3556367528754822
1023,0,0,0.3168335768821341
1024,0,0,0.22336120457192382
1025,0,0,0.04737293380524737
1026,0,0,0.15986385825757837
1027,0,0,0.09762668822868656
1028,0,0,0.12883069610291337
1029,0,0,0.660614520669034
1030,0,0,0.20853746181337296
1031,0,0,0.42797022461533685
1032,0,0,0.24240410941353802
1033,0,0,0.1295881720755601
1034,0,0,0.3033237950354673
1035,0,0,0.469016072723327
1036,0,0,0.08760075404196153
1037,0,0,0.15214488935124312
1038,0,0,0.08169253222153003
1039,1,0,0.29589776204886636
1040,0,0,0.021706550757437687
1041,0,1,0.8885640372422129
1042,0,0,0.11982781294232267
1043,1,1,0.876876312903237
1044,0,0,0.19909513776067397
1045,0,0,0.38639774527253046
1046,0,0,0.1830442659834814
1047,1,0,0.6397339164715674
1048,0,0,0.3391527212424593
1049,0,0,0.24457371777916045
1050,0,0,0.13127152394690086
1051,0,0,0.35855700353964787
1052,0,0,0.10938218054808387
1053,0,0,0.6642110543426938
1054,0,0,0.2058623422604894
1055,1,1,0.9991901233345505
1056,0,0,0.2188696408951546
1057,0,0,0.7202638114222704
1058,1,0,0.5087888958111336
1059,0,0,0.09314105082540489
1060,0,0,0.08980288878801383
1061,0,0,0.1897274558028562
1062,0,0,0.0732752863801647
1063,0,0,0.12158251330972103
1064,0,0,0.13324990618700588
1065,0,0,0.05138621483805936
1066,0,0,0.22641426556349734
1067,0,0,0.1590180224933761
1068,0,0,0.1392806865906988
1069,1,1,0.9996422557238972
1070,1,1,0.9996039318510765
1071,0,0,0.16995011009656308
1072,0,0,0.017704290405209714
1073,1,0,0.01977712131857972
1074,0,0,0.04650751568961746
1075,0,0,0.09232498686334108
1076,0,0,0.7994172130210311
1077,0,0,0.09692885027361442
1078,0,0,0.04287379493539053
1079,0,0,0.4302633261465439
1080,0,0,0.11601348774047238
1081,0,0,0.15140624946680734
1082,0,0,0.0954299691249368
1083,0,0,0.34075900279715476
1084,0,0,0.03983220098917451
1085,0,0,0.07875225643370376
1086,0,0,0.16607668350550583
1087,0,0,0.21691540336389517
1088,0,0,0.1358919551916215
1089,0,0,0.31687710511250095
1090,0,0,0.0823177257177763
1091,1,0,0.07025639250228967
1092,0,0,0.184323118772731
1093,0,0,0.2638948884181064
1094,1,1,0.9984136436578676
1095,0,0,0.16363336516938123
1096,0,0,0.10252754100871331
1097,0,0,0.1586961181797976
1098,0,0,0.10790792149185016
1099,0,0,0.06481733440245938
1100,0,0,0.1623005615381637
1101,1,1,0.9995895919501117
1102,0,0,0.5007585939324679
1103,0,0,0.1055065995245565
1104,0,0,0.18824215162511881
1105,0,0,0.1351687212911152
1106,0,0,0.3318963373341077
1107,0,0,0.11510195594228519
1108,0,0,0.03747474488314911
1109,0,0,0.1666523112585027
1110,0,0,0.16754655964428317
1111,0,0,0.3705701288388427
1112,0,0,0.152453871530103
1113,0,0,0.1340472066438122
1114,0,0,0.13494056281961964
1115,0,0,0.20296809730277826
1116,0,0,0.2194235833309748
1117,0,0,0.15745729258495625
1118,0,0,0.09024346154807773
1119,1,0,0.46640692942457185
1120,0,0,0.2456457696213948
1121,0,0,0.36796926408847425
1122,1,1,0.9976084029199823
1123,0,0,0.10768473348853429
1124,0,0,0.47713607108460976
1125,0,0,0.1841000299132268
1126,0,0,0.16526038359179923
1127,1,1,0.999119734634679
1128,0,0,0.13164893243480802
1129,1,0,0.6587515834157082
1130,0,0,0.05272894047921042
1131,0,0,0.1276021888174569
1132,1,0,0.24431167702561724
1133,0,0,0.2769527773688699
1134,0,0,0.45426175783655204
1135,1,0,0.4367902486236643
1136,0,0,0.11018166555716224
1137,0,0,0.06256552692645098
1138,0,0,0.21941076108283186
1139,0,0,0.36028249736795465
1140,1,0,0.09444794102414877
1141,0,0,0.06713973952282279
1142,0,0,0.20665263203894252
1143,0,0,0.19394408576160374
1144,0,0,0.041689981403198774
1145,0,0,0.14861516953427562
1146,0,0,0.08011649487725331
1147,0,0,0.14002834381817258
1148,0,0,0.22693488793268146
1149,0,0,0.03309152058906195
1150,0,0,0.07005675945065404
1151,0,0,0.07251095959533875
1152,0,0,0.048791704831427536
1153,0,0,0.119712342082982
1154,0,0,0.14958335739207484
1155,0,0,0.7669686469945592
1156,0,0,0.22226830148475885
1157,0,0,0.14261411697860688
1158,1,0,0.09666073368831553
1159,0,0,0.1805990672494863
1160,0,0,0.5176459342318492
1161,0,0,0.0923700798876086
1162,0,0,0.09555124835668857
1163,0,0,0.17085251240925325
1164,0,0,0.13568806391324106
1165,0,0,0.038317446426329574
1166,0,0,0.17532988633501562
1167,0,0,0.09999789195658423
1168,1,1,0.9710563460096714
1169,0,0,0.19851541932218886
1170,0,0,0.19575036050697076
1171,0,0,0.275391256736938
1172,0,0,0.1878068927752554
1173,0,0,0.17199219246337555
1174,0,0,0.5401443626989699
1175,0,0,0.15814522864394198
1176,0,0,0.6105875296720955
1177,0,0,0.10341958753475751
1178,0,0,0.09161536939914745
1179,0,0,0.15239021217150137
1180,0,0,0.4314417498932506
1181,1,1,0.9996106662563687
1182,0,0,0.30267235220362454
1183,0,0,0.05100739842232782
1184,0,0,0.041177726178976366
1185,0,0,0.030807962447375763
1186,0,0,0.20725379704353317
1187,0,0,0.03475326811825491
1188,0,0,0.16622414488902673
1189,0,0,0.08135250639675685
1190,0,0,0.1123002530812055
1191,0,0,0.18042427007975867
1192,0,0,0.3909952966900957
1193,0,0,0.15740854385504588
1194,0,0,0.2679220350905379
1195,1,1,0.9988881652144487
1196,0,0,0.08005369184312525
1197,1,0,0.21423414240931352
1198,0,0,0.16372369123023003
1199,0,0,0.13956955685664635
1200,0,0,0.19904373353099733
1201,0,0,0.04143007047921054
1202,0,0,0.2690600241806759
1203,0,0,0.20895800542949994
1204,1,0,0.6927036908601476
1205,0,0,0.0652919496187717
1206,0,0,0.40436367015131075
1207,0,0,0.13797550368505856
1208,0,0,0.17526284569878525
1209,0,0,0.14608420867591715
1210,0,0,0.1304266731777663
1211,0,0,0.12553049570285393
1212,0,0,0.11093652722078903
1213,0,0,0.24103809045148814
1214,0,0,0.32653343230450516
1215,0,0,0.5430364235960539
1216,0,0,0.10903132549733412
1217,1,0,0.23516059070138673
1218,0,0,0.124188557567419
1219,0,0,0.2182326682329286
1220,0,0,0.2688111465072321
1221,0,0,0.16444254290768126
1222,1,1,0.925500041182969
1223,0,0,0.331709720273406
1224,0,0,0.04417361174486618
1225,0,0,0.25430649831654334
1226,0,0,0.041859742542145605
1227,0,0,0.07824101555030388
1228,0,0,0.07705181330723045
1229,0,0,0.053335978932494255
1230,0,0,0.5918125961659715
1231,0,0,0.19184475025969186
1232,1,0,0.4869655601205341
1233,0,0,0.26721163142481863
1234,0,0,0.0950746420695364
1235,1,0,0.35454942913036536
1236,1,0,0.46647508806842886
1237,0,0,0.28875102123685453
1238,0,0,0.1009652104784213
1239,0,0,0.10966817431536095
1240,1,0,0.20712448784723614
1241,0,0,0.1310459426272948
1242,0,0,0.4391660959704868
1243,0,0,0.08837268056368137
1244,1,1,0.9966167296156029
1245,0,0,0.2981247756396597
1246,0,0,0.13834459680554076
1247,0,0,0.0554753034898335
1248,0,0,0.1241815125881157
1249,0,0,0.14513455858781085
1250,0,0,0.6772033385487259
1251,0,0,0.5094273338687643
1252,0,0,0.20514937263605523
1253,0,0,0.07388135657501171
1254,0,0,0.08786610184976862
1255,0,0,0.43837036068708685
1256,0,0,0.3694280225888474
1257,0,0,0.1827207679754169
1258,0,0,0.20853180356672962
1259,0,0,0.14686959851446316
1260,0,0,0.16915010870872962
1261,0,0,0.09460158182640976
1262,0,0,0.3732851779887397
1263,0,0,0.7517286238818837
1264,0,0,0.1997685944466945
1265,1,0,0.25791284138153897
1266,0,0,0.09719852268666139
1267,0,0,0.19189872905326918
1268,0,0,0.1444428488291163
1269,0,0,0.21426901810646495
1270,0,0,0.0981682486634174
1271,0,0,0.05649653899303618
1272,0,0,0.3624714208002185
1273,0,0,0.16808154698787642
1274,0,0,0.4503381169149934
1275,0,0,0.015336772188566257
1276,1,0,0.3052491178004889
1277,0,0,0.0663762145557189
1278,0,0,0.04222289140251407
1279,0,0,0.3607229187464253
1280,0,0,0.12858157623766708
1281,0,0,0.12461440977254701
1282,0,0,0.07273769554346189
1283,0,0,0.5706574334909718
1284,0,0,0.0959730351055491
1285,0,0,0.1252655695685324
1286,0,0,0.23903750516761818
1287,0,0,0.18935149346204433
1288,0,0,0.08402837494693825
1289,0,0,0.1668952331808399
1290,0,0,0.3360855966830695
1291,0,0,0.08099320855191994
1292,0,0,0.04093358897091939
1293,1,0,0.1425027270117207
1294,0,0,0.08906865470751793
1295,0,0,0.1784221610346448
1296,1,1,0.9972125228699562
1297,1,1,0.9991610472306096
1298,0,0,0.07891157581692751
1299,0,0,0.28139359973149275
1300,0,0,0.27465927518798644
1301,0,0,0.1555577512349522
1302,1,0,0.0862890401413148
1303,0,0,0.11388504876654783
1304,0,0,0.04391344256227789
1305,0,0,0.14246635201802116
1306,0,0,0.255932877058417
1307,0,0,0.4374728538907783
1308,0,0,0.3643694537341547
1309,0,0,0.37466097447886887
1310,0,0,0.3175728014836821
1311,1,0,0.3082746060207282
1312,1,0,0.3278473972395304
1313,0,0,0.09712423939052936
1314,0,0,0.35703992039720794
1315,1,0,0.47812164548663466
1316,0,0,0.1786867003056875
1317,0,0,0.02400320570744246
1318,0,0,0.24080746045223886
1319,0,0,0.11439781713390526
1320,0,0,0.21475602899264756
1321,1,1,0.9985251705668388
1322,0,0,0.07304699269471449
1323,0,0,0.1773415477627493
1324,0,0,0.1275290192285854
1325,0,0,0.6158786872994835
1326,0,0,0.184053971352736
1327,0,0,0.29349427902696495
1328,0,0,0.1882476178332956
1329,0,0,0.07136503900256826
1330,0,0,0.09885172281465392
1331,1,0,0.29965878509084215
1332,0,0,0.19185701974742367
1333,1,0,0.3390750921958639
1334,0,0,0.022009404993542644
1335,0,0,0.08042053684805876
1336,0,0,0.11680836782900737
1337,0,0,0.16544246745542812
1338,0,0,0.06933152355036334
1339,0,0,0.573850620910868
1340,1,0,0.44958669206336194
1341,0,0,0.15409634366807262
1342,0,0,0.09120632038425208
1343,1,0,0.1433381592698806
1344,0,0,0.13893043869348284
1345,0,0,0.1483718350418927
1346,0,0,0.2813339046265188
1347,0,0,0.051023721676700606
1348,0,0,0.04909808944825405
1349,0,0,0.1613855644402264
1350,0,0,0.09160324466938372
1351,0,0,0.20444152296349505
1352,0,0,0.2599948119724451
1353,1,0,0.2882065813366054
1354,0,0,0.5203772196434691
1355,0,0,0.09405384179833783
1356,0,0,0.4140908539197981
1357,0,0,0.19469712556102317
1358,0,0,0.28629082748599455
1359,0,0,0.09839968177527228
1360,0,0,0.33899776039389656
1361,0,0,0.055254442709179986
1362,0,0,0.386482800725342
1363,0,0,0.19090742840371303
1364,0,0,0.17178833822825584
1365,0,0,0.12252446866557577
1366,0,0,0.4127797767471975
1367,0,0,0.150749717054699
1368,0,0,0.13001556714983914
1369,0,0,0.1474428636992911
1370,0,0,0.12099655979162473
1371,1,0,0.3659486198287444
1372,0,0,0.3199760609267775
1373,0,0,0.2653614027301583
1374,0,0,0.07831845901579794
1375,0,0,0.027106340445941388
1376,0,0,0.05297596479188113
1377,0,0,0.18227707181948397
1378,0,0,0.10651194541582312
1379,0,0,0.10999061534419922
1380,0,0,0.30633810772718356
1381,1,1,0.8899115988156858
1382,0,0,0.5747329621216378
1383,0,0,0.1294804499534588
1384,0,0,0.15599222340592522
1385,0,0,0.10259023394708355
1386,0,0,0.3148331972166454
1387,1,0,0.7446745151237216
1388,0,0,0.2246029732775109
1389,0,0,0.6730469118389003
1390,0,0,0.06397773046479524
1391,0,0,0.05081599166042716
1392,0,0,0.44209035135506614
1393,0,0,0.37803489389355516
1394,0,0,0.2106272971224219
1395,0,0,0.0628065746687498
1396,0,0,0.23200872068821524
1397,0,0,0.5130239158380111
1398,0,0,0.1818537059284113
1399,0,0,0.2844466623205735
1400,0,0,0.12180541965920473
1401,0,0,0.05374667811500631
1402,0,0,0.2209744241155962
1403,0,0,0.24163661228877906
1404,0,0,0.12296639194382573
1405,0,0,0.4851926771191374
1406,0,0,0.11659968402129457
1407,1,0,0.3944828232743248
1408,0,0,0.3077021940168703
1409,0,0,0.3206970748790745
1410,0,0,0.056412885492728555
1411,0,0,0.16797822227333634
1412,0,0,0.36249663129178294
1413,0,0,0.08631787719321131
1414,0,0,0.0870179484650884
1415,0,0,0.5079994157815895
1416,0,0,0.04012298067084423
1417,0,0,0.12567710297652337
1418,0,0,0.35862832953671625
1419,0,0,0.18074166220629279
1420,0,0,0.14061014592349755
1421,0,0,0.1762181259813043
1422,0,0,0.11388597281661164
1423,0,0,0.18001552808411436
1424,1,0,0.6092575776869626
1425,0,0,0.0419395275457356
1426,0,0,0.03327217517324113
1427,0,0,0.09378134059268224
1428,0,0,0.0645651195776744
1429,1,1,0.9995059687087247
1430,0,0,0.0523360207376689
1431,0,0,0.0723843631027086
1432,1,0,0.46675534916659267
1433,0,0,0.17716164323781922
1434,0,0,0.14872581198334392
1435,0,0,0.08451324646490965
1436,0,0,0.23395607572045798
1437,0,0,0.11774244931961088
1438,0,0,0.34789602254082147
1439,0,0,0.03787340843113663
1440,0,0,0.17096074332879382
1441,0,0,0.2794022867218667
1442,0,0,0.22929063996334845
1443,0,0,0.6269475942521514
1444,0,0,0.03548653374248202
1445,1,1,0.9992894759701709
1446,0,0,0.08834388561227115
1447,0,0,0.1647826635944382
1448,0,0,0.6918825246651592
1449,0,0,0.1264678658762769
1450,0,0,0.11929293352233321
1451,0,0,0.27644026977619346
1452,0,0,0.03524915636802604
1453,1,0,0.4838768084837606
1454,0,0,0.45014605096445626
1455,0,0,0.06837455999128593
1456,0,0,0.08496933369696019
1457,0,0,0.3946636771271212
1458,0,0,0.30459764604591805
1459,0,0,0.08251686719131004
1460,1,0,0.244473489903505
1461,1,1,0.9929588053689609
1462,0,0,0.10630121043758778
1463,0,0,0.34089519003005414
1464,1,1,0.9221760568690952
1465,0,0,0.21003972679634095
1466,0,0,0.08852091813359242
1467,0,0,0.10140127230658613
1468,0,0,0.1908576231963944
1469,0,0,0.44434636742882166
1470,0,0,0.06095386313237602
1471,0,0,0.40490772793630503
1472,0,0,0.13302474767503014
1473,0,0,0.3396512242392201
1474,0,0,0.29576476920918293
1475,0,0,0.09208417384644672
1476,0,0,0.14938772511890233
1477,0,0,0.17785671639725742
1478,0,0,0.1703622356232396
1479,0,0,0.17375082716631732
1480,0,0,0.292128341923965
1481,0,0,0.09105651221520508
1482,0,0,0.13204157398291566
1483,0,0,0.07377415927441634
1484,0,0,0.14349696489606098
1485,0,0,0.31170926605153243
1486,0,0,0.18992965500080522
1487,1,1,0.9987226897255921
1488,0,0,0.15683231503105058
1489,0,0,0.06433397079972034
1490,0,0,0.3051979553119684
1491,0,0,0.14527385675065896
1492,0,0,0.36135435856219694
1493,0,0,0.05181875060314148
1494,0,0,0.02192587725726813
1495,1,1,0.9990933807331779
1496,0,0,0.16425027837531495
1497,0,0,0.03763494680526697
1498,0,0,0.12042683079727215
1499,0,0,0.24012708773221433
1500,0,0,0.09765091098574967
1501,0,0,0.6851985223285574
1502,0,0,0.08544814204204958
1503,0,0,0.11099815397940552
1504,0,0,0.053878812055988046
1505,0,0,0.2585966018094989
1506,0,0,0.07032999255448925
1507,0,0,0.5893611098526507
1508,0,0,0.047463943338426046
1509,0,0,0.10561900540125922
1510,0,1,0.8348621907640298
1511,0,0,0.5496401059712418
1512,0,0,0.030647945075347707
1513,0,0,0.16693656531456433
1514,0,0,0.7018916488414753
1515,1,0,0.09004594660874059
1516,0,0,0.10106318215922222
1517,0,0,0.13014710018647904
1518,0,0,0.33904559001456336
1519,0,0,0.11057187453547791
1520,0,0,0.16562390830901796
1521,0,0,0.06349509868183247
1522,0,0,0.047113875854413824
1523,0,0,0.21602486632118276
1524,0,0,0.22412093904153146
1525,0,0,0.03767743713270526
1526,0,0,0.22580951161385632
1527,0,0,0.11003978256187427
1528,0,0,0.09911705623121234
1529,0,0,0.0789788247942197
1530,0,0,0.11997172208143883
1531,0,0,0.7845842418231896
1532,0,0,0.3700508947770756
1533,0,0,0.18083750455995984
1534,0,0,0.34921877769990606
1535,0,0,0.21363128494970912
1536,0,0,0.1143664342207265
1537,1,0,0.14857123487694973
1538,0,0,0.4214728881763493
1539,0,0,0.3269263854661532
1540,0,0,0.1235065502562346
1541,0,0,0.21580090851815587
1542,1,0,0.10910447141338606
1543,0,0,0.13036568395850734
1544,0,0,0.2663168419717541
1545,0,0,0.19562943369276892
1546,0,0,0.058211894862785246
1547,0,0,0.20908905351321008
1548,0,0,0.1443598635120976
1549,0,0,0.04325579992036271
1550,0,0,0.07409285884046385
1551,0,0,0.03781326329154257
1552,0,0,0.20663857615955614
1553,0,0,0.12645016407292609
1554,0,0,0.6506362855808027
1555,1,1,0.9929695421345316
1556,0,0,0.17210008731489
1557,0,0,0.023428502185630636
1558,0,0,0.2911179822768996
1559,0,0,0.18618728540411783
1560,0,0,0.21985653507515282
1561,0,0,0.0459902404310555
1562,0,0,0.19077817338195116
1563,0,0,0.08467456941396083
1564,0,0,0.3096067085388459
1565,0,0,0.1343081613647261
1566,0,0,0.3639142801436489
1567,0,0,0.26732472368169513
1568,0,0,0.5715406428693087
1569,0,0,0.16418298253946914
1570,0,0,0.5137479530206078
1571,0,0,0.025016979054497308
1572,0,0,0.26748527433853925
1573,0,0,0.2110926718725356
1574,0,0,0.20922996630805799
1575,1,1,0.9994603278266921
1576,0,0,0.2234581717899291
1577,0,0,0.12840808628941017
1578,0,0,0.1121580438245117
1579,0,0,0.057999288343818414
1580,0,0,0.016892068215863653
1581,0,0,0.19353135560450857
1582,0,0,0.03947644316722442
1583,0,0,0.09087267202077982
1584,0,0,0.15679824402889853
1585,1,1,0.981068923798221
1586,1,0,0.1306965096616737
1587,1,0,0.5524181558685056
1588,0,0,0.043314204934879835
1589,0,0,0.27892541111468605
1590,0,0,0.022175016658096874
1591,0,0,0.2226980987692152
1592,1,0,0.373983291211166
1593,0,0,0.3292301902738442
1594,0,1,0.9827822452354309
1595,0,0,0.1116126186363116
1596,0,0,0.1273197730123333
1597,0,0,0.27984261000399313
1598,0,0,0.05568526047531004
1599,0,0,0.5441656069784443
1600,0,0,0.0935430976210684
1601,0,0,0.493462304230168
1602,0,0,0.09170768659443472
1603,0,0,0.39832293942459496
1604,1,1,0.996281740938117
1605,0,0,0.037259272115259624
1606,0,0,0.14774511289155565
1607,0,0,0.48397866934057376
1608,0,0,0.09795665941156521
1609,0,0,0.04904454187094475
1610,0,0,0.12887354009309004
1611,0,0,0.1315897873123035
1612,0,0,0.104402382516948
1613,0,0,0.16567451674010764
1614,0,0,0.052067202314975775
1615,0,0,0.3910265414440078
1616,1,0,0.2915678301303865
1617,0,0,0.09358016023049012
1618,0,0,0.2340987741545087
1619,0,0,0.5204299868512429
1620,0,0,0.21680219069426587
1621,0,0,0.042280941006575735
1622,0,0,0.15509355549417433
1623,0,0,0.07696881950926747
1624,0,0,0.05022380227385718
1625,0,0,0.07590915229104851
1626,1,1,0.9982014387277277
1627,0,0,0.21662671426959634
1628,0,0,0.23431710990877505
1629,0,0,0.19812784939911973
1630,0,0,0.08478347267061392
1631,0,0,0.025272715767905463
1632,0,0,0.2442174911616351
1633,0,0,0.44463002630652854
1634,1,0,0.04261789280605159
1635,1,1,0.9942424621608522
1636,0,0,0.32329901850386916
1637,0,0,0.08346075359723668
1638,0,0,0.22006195067183945
1639,0,0,0.09448021899869975
1640,0,0,0.13085751456761743
1641,0,0,0.1926956705678753
1642,0,0,0.18767732855273375
1643,1,1,0.9995303162523692
1644,0,0,0.13519837507127155
1645,1,0,0.1996973656090045
1646,1,0,0.2679863347219662
1647,0,0,0.10805434734986867
1648,0,0,0.061209689601232825
1649,0,0,0.11210596307457688
1650,1,0,0.055783914613825085
1651,0,0,0.15233636004869788
1652,1,1,0.9968982465892943
1653,0,0,0.08396047848024314
1654,0,0,0.0585828381408011
1655,0,0,0.12577028220743428
1656,0,0,0.20705374953327535
1657,0,0,0.1611366873672033
1658,0,0,0.20969902050472133
1659,0,0,0.16971735429849055
1660,0,0,0.37407838516297104
1661,0,0,0.179419233950347
1662,1,1,0.9993033063206842
1663,0,0,0.3333181342558393
1664,0,0,0.11384507105525225
1665,1,1,0.9996299680496108
1666,0,0,0.21932924598015932
1667,1,1,0.9970361056034182
1668,1,0,0.1833296361588799
1669,0,0,0.07690333578538885
1670,0,0,0.22533612464972486
1671,0,0,0.05819690054842508
1672,1,1,0.9979701607326112
1673,0,0,0.2023099675361939
1674,0,0,0.025541699786925633
1675,1,0,0.7731432129117287
1676,0,0,0.2051557420916411
1677,0,0,0.20763797504945114
1678,0,0,0.2624329541381655
1679,1,1,0.9962625835294122
1680,0,0,0.5089602792121278
1681,0,0,0.6594192652803315
1682,0,0,0.16353450487136267
1683,0,0,0.062206452233687065
1684,0,0,0.22201419435436187
1685,1,0,0.352155179481045
1686,1,0,0.11056851065359088
1687,0,0,0.20584054434577784
1688,0,0,0.2845362484982312
1689,0,0,0.11903952722045957
1690,0,0,0.04267498261796531
1691,0,0,0.11554303981738241
1692,0,0,0.22747294125628656
1693,0,0,0.24126694093960843
1694,0,0,0.13480952664444815
1695,0,0,0.08733297140503803
1696,0,0,0.037097582752887354
1697,0,0,0.12416405686914792
1698,0,0,0.11903059298572738
1699,0,0,0.22685141919957366
1700,0,0,0.3561744491320924
1701,0,0,0.38935552964593684
1702,0,0,0.28715353787568476
1703,0,0,0.1557476000123379
1704,0,0,0.14662511292814184
1705,0,0,0.15300335564291218
1706,0,0,0.3675648069532081
1707,0,0,0.0702625739173144
1708,0,0,0.1410836660209956
1709,0,0,0.2659675924635944
1710,0,0,0.4865128127215878
1711,1,0,0.8024372642254987
1712,0,0,0.17619517745019286
1713,0,0,0.0756740615547616
1714,0,0,0.09053763293675061
1715,0,0,0.16931696540543212
1716,1,1,0.9963321124626016
1717,0,0,0.12677242350276255
1718,0,0,0.07228970021627648
1719,0,0,0.08653746465929642
1720,0,0,0.05751465590190469
1721,1,1,0.9040922721721397
1722,0,0,0.6636328388527234
1723,0,0,0.09322606859779409
1724,0,0,0.20922841888070914
1725,0,0,0.2540135543266207
1726,0,0,0.24276498801199387
1727,0,0,0.3799349006843148
1728,0,0,0.3555451555945387
1729,0,0,0.1961412487701928
1730,0,0,0.15082099324927822
1731,0,0,0.044257770998920115
1732,0,0,0.17332054068984182
1733,0,0,0.17088536014980107
1734,0,0,0.08746386674237948
1735,0,0,0.06578496660876877
1736,0,0,0.07507852602278592
1737,0,0,0.04840051231769237
1738,1,0,0.5009835962398388
1739,0,0,0.412223142643917
1740,0,0,0.06243759238218396
1741,0,0,0.28479232320568165
1742,0,0,0.11114104915324863
1743,0,0,0.07139348501474259
1744,0,0,0.20730812330558349
1745,0,0,0.1634810840409558
1746,0,0,0.11522782757842778
1747,0,0,0.7022226942229103
1748,1,0,0.5583808327583755
1749,1,0,0.6184752511075626
1750,0,0,0.25125043140722914
1751,0,0,0.18495880657655295
1752,0,0,0.059869033457872284
1753,0,0,0.46165456812067895
1754,0,0,0.24624260106908083
1755,0,0,0.0525139528449978
1756,0,0,0.23024219848139177
1757,0,0,0.16805418681501325
1758,0,0,0.1434000641105664
1759,0,0,0.3412727688475248
1760,0,0,0.5614165280356331
1761,0,0,0.19445667611438278
1762,0,0,0.13090037863863618
1763,0,0,0.09662016648948812
1764,0,0,0.05137944274072271
1765,0,0,0.3524533329756363
1766,0,0,0.1310080344059135
1767,0,0,0.12207139111105203
1768,0,0,0.18471091459095196
1769,0,0,0.13269050539993923
1770,0,0,0.07822045013537098
1771,0,0,0.04827617225902342
1772,0,0,0.2427248235452768
1773,0,0,0.22347071976060293
1774,0,0,0.12171864486383602
1775,0,0,0.20902942963401727
1776,0,0,0.32165950418402334
1777,0,0,0.341015397246295
1778,0,0,0.2636683865487914
1779,0,0,0.12654993509507664
1780,0,0,0.4999755966620492
1781,1,0,0.390461318737665
1782,0,0,0.04773294583960975
1783,0,0,0.07925904361473593
1784,0,0,0.03740757739353639
1785,0,0,0.02665382000276046
1786,0,0,0.05961758761434595
1787,0,0,0.11835227364837013
1788,0,0,0.32058060708943115
1789,0,0,0.08990625550455913
1790,1,0,0.4621823756303613
1791,0,0,0.12267303308336955
1792,1,0,0.22623463798665
1793,0,0,0.0155022740799827
1794,0,0,0.03140689884414502
1795,0,0,0.696581555234951
1796,0,0,0.4600992273691979
1797,1,1,0.8333591283781869
1798,0,0,0.14172383418895507
1799,1,0,0.8068565932532218
1800,1,0,0.2577678388305095
1801,0,0,0.11820027160134058
1802,0,0,0.10130534190954264
1803,0,0,0.18564101353714754
1804,0,0,0.20828848968783834
1805,0,0,0.07400472407459797
1806,1,0,0.4722193177917451
1807,0,0,0.1655961060764041
1808,0,0,0.30112173402061837
1809,1,0,0.14390484248942378
1810,0,0,0.03508828643866354
1811,0,0,0.09160688901454266
1812,0,0,0.4804005317739133
1813,1,1,0.9964427260994647
1814,0,0,0.08944969516052913
1815,0,0,0.04865653411772156
1816,0,0,0.04375022998235471
1817,0,0,0.04522072825524861
1818,0,0,0.028254622586064447
1819,0,0,0.35604945080924066
1820,0,0,0.049953044477772886
1821,0,0,0.02488690835090346
1822,0,0,0.2904370273674929
1823,0,0,0.12087982849543685
1824,1,0,0.40257044375161966
1825,0,0,0.18020302899540194
1826,0,0,0.21580044421558245
1827,0,0,0.13763780625126984
1828,0,0,0.07585878539242993
1829,1,0,0.41001474949087235
1830,0,0,0.12339035622528677
1831,0,0,0.13573398467228504
1832,0,0,0.06633537263395278
1833,0,0,0.397225548767168
1834,0,0,0.2455573718063006
1835,1,0,0.407603931408672
1836,0,0,0.09777768261696668
1837,0,0,0.24531719517416042
1838,0,0,0.3068898592657847
1839,0,0,0.18715656899944214
1840,0,0,0.15966098975601847
1841,0,0,0.1066633223219152
1842,0,0,0.21644341410437964
1843,0,0,0.18449441618036408
1844,0,0,0.29509571947660407
1845,0,0,0.061522843793736376
1846,0,0,0.3649539991193348
1847,0,0,0.01964719719300809
1848,0,0,0.09284816393221212
1849,0,0,0.16317860540019408
1850,0,0,0.2868910518623842
1851,0,0,0.2513133008259414
1852,1,0,0.537146547169888
1853,0,0,0.17734463541364245
1854,0,0,0.3252357316276386
1855,0,0,0.28772600355271805
1856,0,0,0.14661776492341927
1857,0,0,0.03975923514105779
1858,0,0,0.02567149663896983
1859,0,0,0.2344072398874335
1860,1,1,0.9980013596645326
1861,1,0,0.5140693280061768
1862,0,0,0.43722222103609804
1863,0,0,0.03585834215314697
1864,0,0,0.039402182298301974
1865,0,0,0.09921782000468492
1866,0,0,0.20935529817787046
1867,0,0,0.3288526498686769
1868,1,1,0.9979462746070323
1869,0,0,0.09216011953501756
1870,0,0,0.05876790556647269
1871,0,0,0.13629100946857284
1872,0,0,0.09134162391309988
1873,0,0,0.1697442441926277
1874,0,0,0.4006779869695602
1875,0,0,0.21265832792110176
1876,0,0,0.10512147670335704
1877,1,1,0.9986863378540916
1878,0,0,0.1774765726425367
1879,0,0,0.3008892847440825
1880,0,0,0.17802805994552082
1881,0,0,0.10818743904319637
1882,0,0,0.13577969772834528
1883,0,0,0.15098606754999525
1884,0,0,0.06274719505167206
1885,0,0,0.036734749858016585
1886,0,0,0.5477488029497734
1887,0,0,0.18364172003350118
1888,0,0,0.024160204449693582
1889,1,0,0.03245722430483849
1890,1,1,0.9993633928939936
1891,0,0,0.27466377141141995
1892,0,0,0.08238705280730357
1893,1,1,0.998941391419785
1894,0,0,0.10696250373209902
1895,0,0,0.36996137650733557
1896,0,0,0.23928933342988995
1897,0,0,0.18031938861098576
1898,0,0,0.2078272746454619
1899,0,0,0.13142273614169925
1900,1,0,0.5434318943341656
1901,0,0,0.2748491929295953
1902,0,0,0.1803111525177613
1903,0,0,0.04888839941013307
1904,1,0,0.13889479445428704
1905,0,0,0.04957879048641912
1906,0,0,0.18168170797456218
1907,0,0,0.03939542269074478
1908,0,0,0.06742582579316718
1909,0,0,0.08342261457095215
1910,1,0,0.14626711977664086
1911,0,0,0.11984882914098344
1912,0,0,0.24972464506533915
1913,0,0,0.0473758039147763
1914,0,0,0.20685531683521466
1915,0,0,0.18733987890332796
1916,1,0,0.4785680720276692
1917,0,0,0.33078104455260676
1918,0,0,0.5101512505630559
1919,0,0,0.26536096972109013
1920,0,0,0.22986058258576247
1921,0,0,0.33291583536098107
1922,0,0,0.20930187171422737
1923,0,0,0.12547963909429205
1924,0,0,0.05410550831509328
1925,0,0,0.5304229083060061
1926,0,0,0.2849735583180412
1927,0,0,0.12166906055103484
1928,0,0,0.0845000782221119
1929,0,0,0.1729273996571276
1930,1,0,0.47551109480339177
1931,0,0,0.09385292394459871
1932,0,0,0.3451158830716574
1933,0,0,0.14779819109775785
1934,0,0,0.06815522263159644
1935,0,0,0.15816112935905235
1936,0,0,0.05211048516423772
1937,0,0,0.0680798024974633
1938,0,0,0.25957302749498445
1939,1,0,0.6318200722873261
1940,0,0,0.5452179252256012
1941,0,0,0.13084411438632804
1942,0,0,0.08511044215704267
1943,0,0,0.36466851094928976
1944,0,0,0.08419012231656102
1945,0,0,0.12121631478684529
1946,0,0,0.11354096724654794
1947,0,0,0.3529384550058316
1948,0,0,0.07126989038268394
1949,0,0,0.33767037534784433
1950,0,0,0.39105765369492296
1951,0,0,0.1537815716832351
1952,1,0,0.35140508545202453
1953,0,0,0.07219604037148579
1954,0,0,0.2851348575225371
1955,0,0,0.03717770261729784
1956,0,0,0.14022964406022653
1957,0,0,0.0759978804426035
1958,1,1,0.845117071187154
1959,0,0,0.06669666264466473
1960,0,0,0.12446859648275878
1961,0,0,0.16312573411042602
1962,0,0,0.26461911398107474
1963,0,0,0.2655134343499074
1964,0,0,0.17541561232584044
1965,1,1,0.8638058666750996
1966,0,0,0.04971535021167487
1967,0,0,0.16859855724839837
1968,1,0,0.0853846193772072
1969,0,0,0.45679140972565746
1970,0,0,0.1360552224104868
1971,0,0,0.10664762933583313
1972,0,0,0.02670921319881841
1973,0,0,0.08713605886605036
1974,0,0,0.3494701509680473
1975,0,0,0.17268761539850605
1976,1,0,0.2826376282698939
1977,0,0,0.05920038197389944
1978,0,0,0.2381087940704484
1979,0,0,0.11266399828748588
1980,0,0,0.10947572542598774
1981,0,0,0.2731980495612285
1982,0,0,0.1622943656117342
1983,0,0,0.08127313075083027
1984,0,0,0.1561332472010555
1985,0,0,0.18379985558386738
1986,0,0,0.02515926286350443
1987,1,0,0.1381441835904906
1988,0,0,0.2793109367148579
1989,1,0,0.19173422108484917
1990,0,0,0.39796256334900176
1991,0,0,0.20437123189541168
1992,0,0,0.1151934726796883
1993,0,0,0.12534448026634343
1994,0,0,0.16786918426148742
1995,0,0,0.25399466073771426
1996,0,0,0.05509214919963828
1997,0,0,0.10557986833885502
1998,0,0,0.3033326338462044
1999,0,0,0.4601938684643851
2000,0,0,0.08581419659005517
2001,0,0,0.14238237941076948
2002,0,0,0.06206216647068576
2003,0,0,0.5966774645751245
2004,0,0,0.21000966222766765
2005,0,0,0.2913930255124388
2006,0,0,0.03651662190668118
2007,0,0,0.5397496151531153
2008,0,0,0.237150381457239
2009,0,0,0.06536776266478143
2010,0,0,0.07777347718754767
2011,0,0,0.12455504707164218
2012,0,0,0.2221732049609876
2013,0,0,0.20720078830025965
2014,0,0,0.07813695697272809
2015,0,0,0.1249891269885904
2016,1,0,0.2801594863076717
2017,0,0,0.47859027925874703
2018,0,0,0.08108453529818067
2019,0,0,0.06992562006507096
2020,0,0,0.0723625829472386
2021,0,0,0.1221461287078071
2022,0,0,0.04667019950164462
2023,0,0,0.47777511550653806
2024,0,0,0.04065056103625528
2025,0,0,0.20808317938847815
2026,0,0,0.16882271069565302
2027,0,0,0.06638089960461473
2028,0,0,0.16203508339838962
2029,1,0,0.37218395343926725
2030,0,0,0.24880172985458418
2031,0,0,0.12041927719612162
2032,0,0,0.3604778423600636
2033,0,0,0.05497488555574179
2034,1,1,0.8458921205432846
2035,1,0,0.030422142214839534
2036,0,0,0.26965419282046266
2037,0,0,0.09627277289499045
2038,0,0,0.1374508547437315
2039,0,0,0.3399354679190433
2040,0,0,0.18942486016221594
2041,0,0,0.45457239222114637
2042,0,0,0.22606315496284898
2043,1,0,0.510768411362275
2044,0,0,0.16896841711946203
2045,0,0,0.3767187093990923
2046,0,0,0.0891200413629776
2047,0,0,0.31451500402575877
2048,0,0,0.20227383022838014
2049,0,0,0.10493737518537241
2050,0,0,0.05044966018210607
2051,0,0,0.34965014178395076
2052,0,0,0.220055789598181
2053,0,0,0.1579835290462321
2054,1,0,0.3833818220983068
2055,0,0,0.01784972235581733
2056,0,0,0.3969184348261604
2057,0,0,0.22034782722380394
2058,0,0,0.1256232805965915
2059,0,0,0.04745526155954617
2060,0,0,0.06454658740233596
2061,0,0,0.8107985878629206
2062,0,0,0.5643235158721374
2063,0,0,0.08351440541952289
2064,0,0,0.5240456009806449
2065,0,0,0.22097845054563503
2066,0,0,0.10051070848964347
2067,0,0,0.19744436645887592
2068,0,0,0.23922056314933707
2069,1,1,0.8158471765603637
2070,0,0,0.044603739632522406
2071,1,0,0.12171697851973455
2072,0,0,0.08287400524256201
2073,1,1,0.8879374029591175
2074,0,0,0.14487664893306978
2075,1,1,0.9938250813375205
2076,1,0,0.21836305845855322
2077,0,0,0.14477501462374026
2078,0,0,0.053619214181135515
2079,0,0,0.09967581638533113
2080,0,0,0.2891881786133105
2081,0,0,0.036749809601651307
2082,0,0,0.2102494827496476
2083,1,1,0.9993174153085347
2084,0,0,0.19157331478948803
2085,0,0,0.2119832190415968
2086,0,0,0.18831092484147988
2087,0,0,0.6313597034482366
2088,0,0,0.5364678343233656
2089,0,0,0.30571012274221127
2090,0,0,0.08126976258064654
2091,0,0,0.39119258648340827
2092,0,0,0.11761775809795329
2093,0,0,0.25810943707174977
2094,0,0,0.16865476912993957
2095,0,0,0.10036342480816307
2096,0,0,0.3076350928886839
2097,0,0,0.10461973449329154
2098,0,0,0.3654621217270077
2099,0,0,0.07694966498976938
2100,0,0,0.11634310133680156
2101,1,0,0.5409453947701863
2102,0,0,0.028520847113694073
2103,0,0,0.2367978534639849
2104,0,0,0.035992237437476794
2105,0,0,0.19403895729166887
2106,0,0,0.03983587508239783
2107,0,0,0.12877886769218783
2108,1,0,0.08208460031550467
2109,0,0,0.08770323618637998
2110,0,0,0.2420479040207474
2111,0,0,0.13803564029358265
2112,0,0,0.22488788032400941
2113,0,0,0.08136868651144562
2114,0,0,0.1623998978010862
2115,0,0,0.1578001380140761
2116,0,0,0.0391649242801996
2117,0,0,0.12479526494270339
2118,0,0,0.04862671161326453
2119,0,0,0.12475712463444719
2120,1,0,0.17053179658314857
2121,0,0,0.045737642173878476
2122,0,0,0.42726301048219995
2123,0,0,0.02144687605317961
2124,0,0,0.08485861249699927
2125,0,0,0.22281087104616323
2126,0,0,0.13315231100662073
2127,0,0,0.37712003941921823
2128,0,0,0.06670955553018708
2129,0,0,0.07375879745341342
2130,0,1,0.893192512938606
2131,0,0,0.0992978733893801
2132,0,0,0.06729189387665137
2133,0,0,0.6037667265373264
2134,0,0,0.06701732723503172
2135,0,0,0.023996718605555797
2136,0,0,0.1592862892638022
2137,0,0,0.08991837870024211
2138,1,0,0.4535124985158875
2139,0,0,0.2537041078087968
2140,0,0,0.020989377509597444
2141,1,0,0.604126865422765
2142,1,0,0.19861602159643002
2143,0,0,0.06482864903658535
2144,0,0,0.06361219070250104
2145,0,0,0.06564551790981238
2146,0,0,0.2774320654434857
2147,0,0,0.11852970535880157
2148,0,0,0.16311564807927648
2149,0,0,0.19821931025409953
2150,0,0,0.15851518760729147
2151,0,0,0.13864567546053733
2152,0,0,0.2733218235246674
2153,0,0,0.08452467167999013
2154,1,1,0.8946403709543026
2155,0,0,0.1783288407562604
2156,0,0,0.038211832973786955
2157,0,0,0.04037971749571043
2158,0,0,0.1343197942876843
2159,1,0,0.236383905124345
2160,0,0,0.07845855737506802
2161,0,0,0.32797101298163406
2162,0,0,0.1445149520370588
2163,0,0,0.1709064782898944
2164,0,0,0.11292587170908719
2165,0,0,0.09622867998684342
2166,0,0,0.2645654973311395
2167,0,0,0.14987468903799953
2168,0,0,0.2834795362591595
2169,0,0,0.360037751578957
2170,0,0,0.17935027513805882
2171,0,0,0.09963070447503965
2172,0,0,0.08463046402904797
2173,0,0,0.21891967429334644
2174,0,0,0.09082648858181709
2175,0,0,0.02896721183075605
2176,0,0,0.10315851377555343
2177,0,0,0.20611344229020917
2178,0,0,0.18610693372578063
2179,0,0,0.11752602895807768
2180,1,1,0.998555751501066
2181,0,0,0.1340536554999695
2182,0,0,0.6134921233819217
2183,0,0,0.10392841032845995
2184,0,0,0.5071845045947957
2185,0,0,0.035855158446307676
2186,1,1,0.9988664056819884
2187,0,0,0.3999798962903851
2188,0,0,0.12022719789849756
2189,0,0,0.18302520147206838
2190,1,0,0.39338641410684755
2191,0,0,0.4942818846694116
2192,0,0,0.13791798251261114
2193,0,0,0.1439971033411735
2194,0,0,0.13045297897657876
2195,0,0,0.2704584412094781
2196,0,0,0.29183903146526885
2197,0,0,0.2149317038396443
2198,1,0,0.5534377442762833
2199,0,0,0.4303556162562409
2200,0,0,0.14893225548484645
2201,0,0,0.12627650126293566
2202,0,0,0.2863804282812295
2203,0,0,0.05861957569087328
2204,0,0,0.07542004549978465
2205,1,1,0.9994804521837948
2206,0,0,0.2712632653493243
2207,0,0,0.37067018282184017
2208,0,0,0.04673360869461121
2209,0,0,0.3919703743613126
2210,1,0,0.14328997162733492
2211,0,0,0.24796810988588175
2212,1,0,0.06699930871697572
2213,0,0,0.17442593009173943
2214,0,0,0.11646490844681494
2215,0,0,0.649292380626324
2216,0,0,0.18780008545329369
2217,0,0,0.1442854711113934
2218,1,0,0.3996312476980886
2219,0,0,0.049227319461499885
2220,0,0,0.05967757731840965
2221,0,0,0.11976659037926199
2222,0,0,0.2927563865371071
2223,0,0,0.2488942962252817
2224,0,0,0.025433007794521914
2225,0,0,0.10927517805726591
2226,0,0,0.06728824273300216
2227,0,0,0.22360691040411224
2228,0,0,0.24787784245071762
2229,0,0,0.05307894997440666
2230,0,0,0.1789987796420297
2231,0,0,0.043029922484519895
2232,0,0,0.4585342623106252
2233,0,0,0.16529232628505247
2234,1,1,0.9990359719057421
2235,0,0,0.0981932766742732
2236,1,0,0.7131319779637195
2237,1,0,0.19403468765043494
2238,1,0,0.4103840435221222
2239,1,0,0.46019535582672105
2240,0,0,0.1133117064123406
2241,0,0,0.09725164072392992
2242,0,0,0.04369129951621479
2243,0,0,0.04721590408763501
2244,0,0,0.5283863080914327
2245,0,0,0.08898037996564752
2246,0,0,0.1290685439402574
2247,0,0,0.13152970712804177
2248,0,0,0.0829758376882586
2249,1,1,0.9970348851491571
2250,0,0,0.032377392762986096
2251,0,0,0.39207955285573487
2252,0,0,0.05769143108721778
2253,0,0,0.11344540346269598
2254,0,0,0.09806924425159554
2255,1,1,0.9953645378995973
2256,0,0,0.3020040112529972
2257,0,0,0.02580175439457192
2258,0,0,0.042553537173889544
2259,0,0,0.22756424147092252
2260,1,0,0.17249712354474284
2261,0,0,0.044864992581947434
2262,0,0,0.054492310222746775
2263,0,0,0.22957668480098742
2264,0,0,0.6185603500965263
2265,0,0,0.5536488474802636
2266,0,0,0.7119512436665185
2267,0,0,0.12224519916810582
2268,0,0,0.26489667063262334
2269,0,0,0.36929023361521585
2270,1,0,0.25197024621879066
2271,0,0,0.08160563433331376
2272,0,0,0.09540465250568171
2273,0,0,0.07814721279984853
2274,0,0,0.03194071248918437
2275,0,0,0.14526568903597228
2276,0,0,0.1852497212043174
2277,0,0,0.11956812704352543
2278,0,0,0.31194478637608253
2279,0,0,0.11144308210479457
2280,0,0,0.2881227058466375
2281,0,0,0.11921233913503673
2282,0,0,0.44139158226307423
2283,0,0,0.4156032369586787
2284,0,0,0.11753255777522449
2285,0,0,0.10167897604248674
2286,0,0,0.0388905344364742
2287,0,0,0.44650005782856134
2288,0,0,0.2743509026473517
2289,0,0,0.1764611701743856
2290,0,0,0.1799677672327585
2291,0,0,0.18464068685006188
2292,0,0,0.39744556353114124
2293,1,0,0.3525380536342401
2294,0,0,0.4531952464884199
2295,0,0,0.1427499538627437
2296,0,0,0.05298514979854962
2297,0,0,0.3172115071968712
2298,0,0,0.19920323616906696
2299,0,0,0.1498225951814488
2300,0,0,0.05052828136905329
2301,0,0,0.526931023874791
2302,0,0,0.18070234353191839
2303,0,0,0.0959681327095438
2304,1,0,0.029931194956099676
2305,1,0,0.02752101969846773
2306,1,1,0.998200214286589
2307,0,0,0.0272818726159489
2308,0,0,0.15779819298673514
2309,0,0,0.23909898893973403
2310,1,1,0.9989057266318094
2311,0,0,0.11335813741364137
2312,1,0,0.6055081869132799
2313,0,0,0.4405464052703167
2314,1,0,0.12777579424701677
2315,1,0,0.4833149643117151
2316,0,0,0.11522141408466015
2317,0,0,0.05542386925326582
2318,1,0,0.05495231925267747
2319,0,0,0.0320569539958304
2320,1,0,0.5830489898280815
2321,0,0,0.07448415038448702
2322,0,0,0.1024936924753247
2323,1,1,0.9995559075237364
2324,0,0,0.11341642907685578
2325,0,0,0.2840409615828235
2326,0,0,0.09067987036977841
2327,0,0,0.24025591734556823
2328,0,0,0.08822530983856869
2329,0,0,0.31077467117454255
2330,1,1,0.9466193119351317
2331,1,1,0.9972951635982528
2332,0,0,0.19653184710526164
2333,0,0,0.2274191469919618
2334,0,0,0.24800220781194357
2335,1,0,0.3314949094087514
2336,0,0,0.037700071010706396
2337,0,0,0.027392109803164477
2338,0,0,0.06602964675221229
2339,1,0,0.6778257430771414
2340,0,0,0.6462868694810179
2341,1,1,0.9986440900407024
2342,0,0,0.08061773677648694
2343,0,0,0.28616780940243747
2344,0,0,0.16717811214638872
2345,1,0,0.3295901780029059
2346,1,1,0.9964347991082029
2347,0,0,0.7154494641613652
2348,0,0,0.08868017786359149
2349,0,0,0.4586580054413799
2350,0,0,0.13132570736199134
2351,0,0,0.12612822381949843
2352,0,0,0.04079176768180601
2353,1,0,0.07595183531049106
2354,0,0,0.11450122839406306
2355,0,0,0.13474061863196607
2356,0,0,0.055351724639348496
2357,1,0,0.5954817737855076
2358,0,0,0.05638806532655275
2359,0,0,0.04292958110466215
2360,0,0,0.016450185882283603
2361,1,0,0.08790957840847875
2362,0,0,0.17813159809038992
2363,0,0,0.09070422214404569
2364,0,0,0.7602282338529397
2365,0,0,0.12014936781553427
2366,0,0,0.04477361466584666
2367,0,0,0.13663174490275204
2368,1,0,0.0996462550781481
2369,0,0,0.164748095591152
2370,0,0,0.25129604213757384
2371,0,0,0.056881434715752535
2372,0,0,0.3988252643358016
2373,0,0,0.24780941081432623
2374,1,0,0.467260036560833
2375,0,0,0.6731640215880929
2376,0,0,0.255864377225367
2377,0,0,0.20126991157016644
2378,0,0,0.2272426630673394
2379,0,0,0.11363546357737073
2380,0,0,0.04712733431344151
2381,0,0,0.19393136392300087
2382,0,1,0.9414569187657257
2383,0,0,0.6528252571727995
2384,0,0,0.16154437164636712
2385,0,0,0.11982251388948305
2386,1,1,0.8648124636675004
2387,0,0,0.12742001046867515
2388,0,0,0.1305629663069805
2389,0,0,0.17787071764849835
2390,0,0,0.08877353434700457
2391,0,0,0.23272646397073604
2392,0,0,0.13162043704281207
2393,0,0,0.2425119048101351
2394,0,0,0.10186770529625339
2395,0,0,0.24297827164009272
2396,0,0,0.10927482770937665
2397,0,0,0.19384168107796343
2398,0,0,0.23948759175645576
2399,0,0,0.227882692898042
2400,1,0,0.7350659332643178
2401,0,0,0.11716022930770706
2402,0,0,0.5331333480889691
2403,0,0,0.07417669299805857
2404,0,0,0.07050284935506063
2405,0,0,0.09259456251284774
2406,0,0,0.08036310522648805
2407,0,0,0.07118018971991513
2408,0,0,0.1810783994158264
2409,0,0,0.05415135134536173
2410,0,0,0.1522867490037107
2411,1,0,0.0931147145737677
2412,0,0,0.13233747503282256
2413,0,0,0.355196846608464
2414,0,0,0.5479082585814932
2415,0,0,0.34005117458117606
2416,0,0,0.12447303156104869
2417,0,0,0.36490777404800107
2418,0,0,0.3805537055536841
2419,0,0,0.23894261554978535
2420,0,0,0.07929986815972288
2421,1,1,0.9976310926240346
2422,0,0,0.41325665042662746
2423,0,0,0.06842469749805057
2424,0,0,0.1784321948098143
2425,0,0,0.03827297777203492
2426,0,0,0.3014062934743414
2427,0,0,0.17808271782516852
2428,0,0,0.18653545199229668
2429,0,0,0.1539111255039373
2430,0,0,0.3835148977213848
2431,0,0,0.16140254914554603
2432,1,0,0.05558608864984331
2433,0,0,0.06269309565988028
2434,0,0,0.07721227806976266
2435,0,0,0.09805753785521899
2436,0,0,0.11261621755430078
2437,0,0,0.15614845848269177
2438,0,0,0.11518907900742846
2439,0,0,0.05777869048550414
2440,0,0,0.03829598224331237
2441,0,0,0.049899629818037
2442,0,0,0.16927692833497504
2443,0,0,0.06711746372647608
2444,0,0,0.7051891008615114
2445,0,0,0.36799098271554526
2446,0,0,0.26009481756845165
2447,1,1,0.9988129847985706
2448,0,0,0.45818849010882723
2449,0,0,0.10733728317101696
2450,0,0,0.20774951640274084
2451,0,0,0.03048521375387397
2452,0,0,0.04853937707101333
2453,0,0,0.2656328781358403
2454,0,0,0.26095582363885556
2455,0,0,0.05914265445077853
2456,0,0,0.30073316604559575
2457,0,0,0.22575515073121738
2458,0,0,0.06218472182079523
2459,0,0,0.11239882883553458
2460,0,0,0.11645649017089921
2461,0,0,0.14619766617067964
2462,0,0,0.5596759113420176
2463,0,0,0.027931053028232636
2464,0,0,0.08101882242454399
2465,0,0,0.17887261274719088
2466,0,0,0.3431785869298765
2467,0,0,0.29334053697048434
2468,0,0,0.04130027693610357
2469,1,1,0.9992818480896833
2470,0,0,0.0816312265266614
2471,0,0,0.060659376513049264
2472,0,0,0.03306316895178014
2473,0,0,0.07146256491577473
2474,0,0,0.16458351034455226
2475,0,0,0.21962182849109085
2476,0,0,0.26568531254168337
2477,0,0,0.1792709035603396
2478,0,0,0.10405646595895618
2479,0,0,0.22284741581654902
2480,0,0,0.3869387029581627
2481,0,0,0.07250078518085408
2482,0,0,0.10957505608038298
2483,0,0,0.12675758625493774
2484,0,0,0.03521554855964498
2485,0,0,0.1218410797919264
2486,0,0,0.5003070823097963
2487,0,0,0.2546272006972655
2488,0,0,0.4514165754300993
2489,0,0,0.21948104964720605
2490,0,0,0.11172295219469358
2491,0,0,0.05521557483549084
2492,0,0,0.12281027466239765
2493,0,0,0.40396246047530526
2494,0,0,0.18439883626135686
2495,0,0,0.1952668662973497
2496,0,0,0.3484408569761586
2497,0,0,0.3634079930475855
2498,1,1,0.9996507219238178
2499,0,0,0.10916926264934237
2500,0,0,0.16187411113566694
2501,0,0,0.5121717663510134
2502,0,0,0.19953629301128123
2503,0,0,0.2328460246863319
2504,0,0,0.2556782844301024
2505,0,0,0.3531242871592125
2506,0,0,0.17972602102189508
2507,0,0,0.02139565048920558
2508,1,0,0.039552500578748796
2509,0,0,0.1546807062549089
2510,0,0,0.0674777990860996
2511,0,0,0.1517241834593831
2512,1,0,0.4365633657970457
2513,0,0,0.18996519557805724
2514,0,0,0.33734812960038923
2515,0,0,0.12173360367735397
2516,1,0,0.7237676741689355
2517,0,0,0.2826695699485356
2518,0,0,0.23329911041864018
2519,0,0,0.18610473829784566
2520,0,0,0.33034010468749636
2521,0,0,0.050060233862446776
2522,0,0,0.09181379056044432
2523,0,0,0.030283287906218405
2524,0,0,0.10402772302994422
2525,0,0,0.0547945152947877
2526,0,0,0.16981558780138195
2527,0,0,0.21320588805477075
2528,0,0,0.138461703393794
2529,0,0,0.1231524222766047
2530,0,0,0.20267209130181837
2531,0,0,0.31669033515719336
2532,0,0,0.058831460865240943
2533,0,0,0.0576721105252966
2534,0,0,0.03816995484359243
2535,0,0,0.3988268966019128
2536,0,0,0.34905474685384597
2537,0,0,0.04501813566288472
2538,0,0,0.5339870903826136
2539,0,0,0.23048416579547504
2540,0,0,0.09784894073542427
2541,0,0,0.13131958420311138
2542,0,0,0.3762961009831387
2543,0,0,0.049907248559428435
2544,0,0,0.20343292598112156
2545,0,0,0.06601055392008368
2546,0,0,0.312221458972735
2547,0,0,0.04948900772831838
2548,0,0,0.03913319115108514
2549,0,0,0.16568507811286223
2550,1,0,0.4513710671874071
2551,0,0,0.6131626884757782
2552,0,0,0.022075512110411973
2553,0,0,0.058054848520328606
2554,0,0,0.19909603414836075
2555,0,0,0.25359337379869923
2556,1,0,0.05507932758027671
2557,0,0,0.04091000829465713
2558,0,0,0.0476543218280139
2559,0,0,0.059128572873648526
2560,0,0,0.16952163203891807
2561,0,0,0.04423448600396524
2562,0,0,0.1786989947317354
2563,0,0,0.2885217087741829
2564,0,0,0.1259960398813382
2565,0,0,0.07435927614999419
2566,0,0,0.07460318059263477
2567,0,0,0.05980576379147959
2568,0,0,0.40269819099101845
2569,0,0,0.4651002810634521
2570,1,1,0.9985004590863069
2571,0,0,0.20779810014337954
2572,0,0,0.050746898265142226
2573,0,0,0.26217048746920363
2574,0,0,0.08605193767466389
2575,0,0,0.11116293725343096
2576,1,1,0.9920051953744461
2577,0,0,0.24798800453513875
2578,0,0,0.6455170180362952
2579,0,0,0.24163517298576503
2580,0,0,0.4209200999895734
2581,0,0,0.24692620863745265
2582,0,0,0.17399702294191097
2583,0,0,0.14289524929105638
2584,0,0,0.05669426093289843
2585,0,0,0.3976811068690614
2586,0,0,0.10733232527767794
2587,0,0,0.14638020271957675
2588,0,0,0.05994043451750285
2589,0,0,0.11773999153829283
2590,0,0,0.3634172806329322
2591,0,0,0.3807787949158794
2592,0,0,0.06988066590704281
2593,0,0,0.05087556000255471
2594,1,0,0.17808531916562637
2595,0,0,0.04573182595983346
2596,0,0,0.2297132742190295
2597,0,0,0.28820223994145977
2598,0,0,0.13846863851986713
2599,0,0,0.16587465634270165
2600,0,0,0.08585300984354509
2601,0,0,0.1904701788238424
2602,0,0,0.12354790256131863
2603,0,0,0.15335790642155822
2604,0,0,0.32657068659423766
2605,0,0,0.1457322674031134
2606,0,0,0.21197812344241135
2607,0,0,0.1665388319413239
2608,1,0,0.3143725908470948
2609,1,1,0.9994800582627085
2610,0,0,0.026003722572499527
2611,1,0,0.5751641177208903
2612,0,0,0.436077952010099
2613,1,0,0.09940264245010742
2614,0,0,0.03395914188352459
2615,0,0,0.5993395134916051
2616,0,0,0.27841423405498256
2617,0,0,0.06134875969201275
2618,0,0,0.20396472475761404
2619,0,0,0.0977367369903282
2620,0,0,0.3689395387602157
2621,1,0,0.2681730605715736
2622,0,0,0.25075473351228245
2623,0,0,0.14570517513427858
2624,0,0,0.14593243865154093
2625,0,0,0.2971071613046371
2626,0,0,0.034079944650915066
2627,0,0,0.1857474160554383
2628,0,0,0.7627627889727056
2629,0,0,0.5003778948744171
2630,0,0,0.4129720578763944
2631,0,0,0.06330376938865562
2632,0,0,0.1693091846542579
2633,1,1,0.9938908801262121
2634,0,0,0.12446093848137973
2635,0,0,0.13944213071787986
2636,0,0,0.22141765611331637
2637,0,0,0.30477214931959185
2638,0,0,0.03761287532363619
2639,0,0,0.51810349721561
2640,0,0,0.742249104293489
2641,0,0,0.4368686402271764
2642,0,0,0.41728546948732104
2643,0,0,0.6356610013507557
2644,0,0,0.11592896966081212
2645,0,0,0.42437533011533796
2646,0,0,0.1138296285482136
2647,0,0,0.19667765521594452
2648,0,0,0.034246159121902896
2649,0,0,0.06302874346177116
2650,0,0,0.1337093803110173
2651,0,0,0.41006731506725663
2652,0,0,0.3134488501260558
2653,0,0,0.09760767801848004
2654,1,0,0.7110530947014623
2655,1,0,0.4196506192000988
2656,0,0,0.04630331703056386
2657,0,0,0.05920379454155155
2658,0,0,0.15379260033037406
2659,0,0,0.04257207426783648
2660,0,0,0.532754639734278
2661,0,0,0.07573280270636694
2662,0,0,0.43821527962138535
2663,1,0,0.06389327983954286
2664,0,0,0.18968709611272888
2665,1,1,0.9935046017672218
2666,0,0,0.4663761666278769
2667,0,0,0.11414237003966314
2668,1,1,0.996757251337228
2669,0,0,0.6831986448723456
2670,0,0,0.19983837919992156
2671,0,0,0.1407350002777348
2672,0,0,0.11585373107760152
2673,0,0,0.09873533805441327
2674,0,0,0.08555608279013481
2675,0,0,0.0939514341839694
2676,0,0,0.157012938935821
2677,0,0,0.07887382807462619
2678,1,0,0.4054047467479231
2679,0,0,0.1445087401691048
2680,1,0,0.06161516704167201
2681,0,0,0.2784843974605468
2682,0,0,0.0798800546194455
2683,0,0,0.3250577310320657
2684,0,0,0.03675274136022325
2685,0,0,0.22210031369871308
2686,0,0,0.15431842106876403
2687,0,0,0.10652844099488872
2688,0,0,0.0749559027727341
2689,0,0,0.028043417880776
2690,0,0,0.16679035569769463
2691,0,0,0.07692805394465659
2692,0,0,0.09143700672601289
2693,0,0,0.04889531400647644
2694,0,0,0.24260163124178544
2695,0,0,0.08968659093797618
2696,1,1,0.9990820977438815
2697,0,0,0.16928364346336902
2698,0,0,0.1818857706315044
2699,1,1,0.9964799543393287
2700,0,0,0.4681420657166428
2701,1,0,0.2179620965078216
2702,0,0,0.4467119911693777
2703,0,0,0.19790807617553605
2704,0,0,0.2094452399924304
2705,0,0,0.09134979805412598
2706,0,0,0.31297626330736444
2707,0,0,0.10776669399108396
2708,0,0,0.1924401568310796
2709,0,0,0.4800144859826635
2710,0,0,0.20708602817369726
2711,0,0,0.06944834625583182
2712,0,0,0.13059253396917825
2713,0,0,0.23363054242457928
2714,0,0,0.4641398026962968
2715,0,0,0.10254988573348388
2716,0,0,0.19606261099263622
2717,0,0,0.36448332313674625
2718,1,1,0.9933120774732256
2719,0,0,0.7335186283562083
2720,1,0,0.09573386996717774
2721,0,0,0.29438130873903967
2722,0,0,0.05805533920962411
2723,0,0,0.2033792933285898
2724,0,0,0.17926417641968298
2725,0,0,0.43628225485063205
2726,0,0,0.17060661237716912
2727,0,0,0.6299877769043174
2728,0,0,0.20162287426106637
2729,0,0,0.5115613688451855
2730,0,0,0.1869773903285621
2731,0,0,0.0437393067206807
2732,1,1,0.9984010665913594
2733,0,0,0.29611325278593237
2734,1,0,0.1872758943016438
2735,0,0,0.17561534182888347
2736,0,0,0.20617481132236662
2737,1,0,0.48783814633401096
2738,0,0,0.19808838461233572
2739,0,0,0.290147614403971
2740,0,0,0.11578576168484377
2741,1,0,0.17349097854783355
2742,0,0,0.11236121293371208
2743,1,0,0.4962530184641399
2744,0,0,0.11062595610885627
2745,0,0,0.4775100911788141
2746,0,0,0.10027589906001703
2747,0,0,0.641285200210125
2748,0,0,0.10098895127228487
2749,1,0,0.1315600891633722
2750,0,0,0.28422305909024176
2751,0,0,0.6094284955202756
2752,0,0,0.07418564421092239
2753,0,0,0.1372854309061607
2754,0,0,0.09091796074151755
2755,0,0,0.04671885657997171
2756,0,0,0.10350300315630691
2757,1,1,0.994994938071511
2758,0,0,0.0865666094922016
2759,0,0,0.1320286437119885
2760,1,1,0.9897504533331535
2761,0,0,0.2032872342091707
2762,0,0,0.32665475039919695
2763,0,0,0.14633406184580033
2764,0,0,0.11223980649291139
2765,0,0,0.0920803667657677
2766,0,0,0.1708465060400195
2767,0,0,0.0402373961191902
2768,0,0,0.38631904177065374
2769,0,0,0.22117657458481646
2770,0,0,0.0570776443317442
2771,0,0,0.20337658453679372
2772,0,0,0.035682972330313166
2773,0,0,0.09379557971620352
2774,1,0,0.4183257979533598
2775,0,0,0.14673625304554083
2776,0,0,0.46534326040408214
2777,1,1,0.8543691032504563
2778,0,0,0.10981526998964805
2779,0,0,0.032372001719587706
2780,0,0,0.25825413469982594
2781,0,0,0.4540181359962648
2782,0,0,0.486151757711585
2783,0,0,0.2562689047556835
2784,0,0,0.4357749058462214
2785,0,0,0.3090376912822434
2786,1,0,0.14203576378623123
2787,0,0,0.11248508086801931
2788,0,0,0.05410125233708113
2789,0,0,0.5454032727718253
2790,0,0,0.03201792140009839
2791,0,0,0.10268556646790794
2792,0,0,0.22595951526815633
2793,0,0,0.1922610224827509
2794,0,0,0.16250510703999455
2795,0,0,0.19700940466077166
2796,0,0,0.15932547195810517
2797,1,0,0.1861592780987295
2798,1,0,0.6827008722092178
2799,0,0,0.16900409097271327
2800,0,0,0.03743070998334084
