Gender,Education Level,Department,Job Title,Organization Level,Region,Country,Employment Status,Employment Type,Times Promoted,Ethnicity,Tenure (Years),Age (Years),Salary Band,Performance Rating,Projects Handled,Project Target,Team Size,Satisfaction Score,Incentive Amount ($) Band,Bonus ($) Band,Working Hours Band,Overtime Band,Actual,Predict,Probability,Employee ID
0,4,6,14,0,1,1,1,1,0.08647558825939006,7,-0.9747566542025582,-1.6618887460042528,4,3,-1.3875062065670987,-1.2446195927295962,11,5,2,2,2,4,0,0,0.039936341723582916,2463
1,3,5,11,1,1,3,1,0,-1.3378282183658576,1,-0.9747566542025582,0.7489312679111373,4,2,-1.3282070470706417,-1.3468437428397122,4,3,2,2,3,3,0,0,0.007807555559092787,1511
0,3,5,12,1,2,4,0,0,-0.6256763150532338,9,-0.3658357894057197,0.8950415717847974,4,3,-0.6166171331131581,-0.7334988421790155,10,4,3,3,3,1,0,0,0.0038253068543356687,1613
0,2,4,8,1,2,4,1,0,0.798627491572014,15,-2.192598383796235,0.3106003562901573,0,3,1.9925458847309483,2.2821135860694097,15,3,1,0,3,1,1,1,0.9961826210597516,2323
1,4,2,15,2,0,0,0,1,0.798627491572014,3,1.4609268049847957,-0.7852269227622928,0,3,1.162357651780551,1.0043117096929584,7,5,3,0,3,2,0,0,0.002410572457547352,1994
1,4,0,1,2,1,3,1,0,1.5107793948846377,1,1.4609268049847957,-1.5888335940674227,4,3,1.3402551302699217,1.4132083101334227,6,5,0,0,3,2,0,0,0.005131059718627006,1191
0,1,0,4,2,1,1,0,0,1.5107793948846377,8,0.2430850753911188,-1.1505026824464428,3,4,-0.14222385714150237,0.08429435870191336,13,4,3,0,3,1,0,0,0.005066441567971507,2717
1,2,0,4,2,2,4,0,0,1.5107793948846377,4,1.4609268049847957,0.8219864198479673,2,2,1.0437593327876369,0.7487513344176681,12,4,3,3,4,1,0,0,0.0021701124233046726,2049
1,1,6,14,0,2,4,1,0,-0.6256763150532338,9,0.8520059401879573,-0.4930063150149728,4,4,0.6286652163124382,0.33985473397720367,11,4,0,0,3,2,0,0,0.0015543241840224934,2408
0,4,6,14,0,0,0,0,0,-0.6256763150532338,3,0.2430850753911188,0.3836555082269873,3,3,-0.14222385714150237,-0.37571431679360917,9,4,3,0,3,2,0,0,0.004241004964645611,1882
1,2,2,15,2,1,1,0,0,0.08647558825939006,7,1.4609268049847957,1.4064276353426073,4,3,1.162357651780551,1.1576479348581326,9,4,0,0,4,1,0,0,0.0016263426624979112,1901
0,2,2,7,0,0,0,0,0,-1.3378282183658576,2,-0.3658357894057197,0.01837974854283726,3,4,-0.5573179736167011,-0.6312746920688994,13,5,3,0,3,3,0,0,0.00559179520120259,2428
0,4,2,7,0,2,4,0,1,1.5107793948846377,4,0.2430850753911188,1.6255930911530974,4,3,0.035673621347868535,0.18651850881202947,10,4,3,3,3,2,0,0,0.003887456725930526,1159
0,4,2,7,0,0,0,0,1,-1.3378282183658576,3,1.4609268049847957,-0.20078570726765277,0,3,1.3402551302699217,1.464320385188481,9,5,3,0,3,1,0,0,0.004773843073899276,2202
1,4,1,6,2,1,1,1,0,-1.3378282183658576,7,-0.3658357894057197,-0.5660614669518028,3,3,-0.4387196546237872,-0.5290505419587833,7,3,3,3,3,4,0,0,0.010012841510251242,1680
0,4,2,7,0,2,4,0,1,1.5107793948846377,15,0.8520059401879573,-0.20078570726765277,1,3,0.5693660568159812,0.3909668090322617,8,4,0,0,3,2,0,0,0.0031367670982883566,1121
2,3,1,6,2,1,1,1,0,0.798627491572014,8,1.4609268049847957,-0.20078570726765277,3,2,1.3402551302699217,1.1065358598030746,11,5,3,0,3,2,0,0,0.0017770340215066828,2708
0,3,4,10,0,1,3,1,0,-1.3378282183658576,16,-0.9747566542025582,1.5525379392162675,4,1,-1.2096087280777277,-1.2446195927295962,19,4,2,2,1,4,0,0,0.06825341995974037,2628
0,1,2,15,2,0,2,1,0,0.798627491572014,6,-1.5836775189993966,0.9680967237216274,3,1,-1.9804978015316683,-2.062412793610525,11,2,2,2,2,2,1,1,0.9231340822872793,1276
0,2,5,11,1,1,3,0,0,-0.6256763150532338,16,-0.9747566542025582,-0.8582820746991228,3,3,-1.2689078875741846,-1.4490678929498284,12,5,2,3,3,2,0,0,0.005058632894679647,2214
0,4,1,6,2,1,1,0,0,0.08647558825939006,7,-0.3658357894057197,0.23754520435332727,2,3,-0.675916292609615,-0.7846109172340736,10,5,3,3,2,3,0,0,0.03590049370082948,1383
1,3,6,14,0,2,4,1,0,-1.3378282183658576,15,1.4609268049847957,1.3333724834057774,0,3,1.2216568112770079,1.0043117096929584,17,4,0,0,3,1,0,0,0.0018360296788624427,1049
1,0,6,0,2,0,0,1,1,1.5107793948846377,3,-0.9747566542025582,0.8219864198479673,2,2,-1.2689078875741846,-1.2957316677846542,8,4,2,2,4,1,0,0,0.06682968770401132,1538
0,0,2,15,2,0,2,0,0,-1.3378282183658576,11,0.8520059401879573,-0.6391166188886328,2,3,0.5100668973195243,0.3909668090322617,11,4,3,0,3,2,0,0,0.0023161874912117782,1048
1,3,2,15,2,0,0,0,0,0.798627491572014,3,0.2430850753911188,-1.1505026824464428,4,4,0.035673621347868535,-0.01792979140820275,16,4,3,0,3,2,0,0,0.004536105897834696,2275
1,1,4,8,1,0,0,1,0,-0.6256763150532338,3,0.8520059401879573,-1.1505026824464428,0,3,0.6879643758088951,0.3909668090322617,15,5,3,0,3,1,0,0,0.0026694759931509926,1109
0,3,2,15,2,2,4,1,0,0.08647558825939006,15,-0.9747566542025582,-1.6618887460042528,3,2,-1.2096087280777277,-1.2446195927295962,10,4,2,2,2,3,0,0,0.09668918837494153,1508
0,1,4,10,0,0,0,0,0,0.798627491572014,3,0.2430850753911188,-1.5888335940674227,3,2,-0.14222385714150237,-0.17126601657337692,9,4,2,3,3,1,0,0,0.003008295233679201,1805
1,1,2,15,2,0,0,1,1,-0.6256763150532338,3,-0.9747566542025582,0.8950415717847974,0,3,0.5100668973195243,0.595415109252494,14,5,3,0,1,3,1,1,0.9808690116415711,2411
2,4,4,8,1,0,0,1,1,0.08647558825939006,3,-0.3658357894057197,-1.0043923785727829,3,3,-0.794514611602529,-0.9379471423992478,11,4,3,3,3,4,0,0,0.006960602084701294,2060
0,4,2,15,2,1,3,0,0,-0.6256763150532338,16,-0.9747566542025582,0.6028209640374773,2,3,-1.3282070470706417,-1.2446195927295962,15,5,2,3,2,1,0,0,0.04295229568508948,1259
0,2,4,10,0,1,3,1,0,1.5107793948846377,13,-0.3658357894057197,-0.4930063150149728,4,2,-0.5573179736167011,-0.6312746920688994,17,5,2,3,2,4,0,0,0.029051971558827366,2106
0,0,2,15,2,0,0,0,0,0.08647558825939006,3,0.2430850753911188,-1.6618887460042528,0,4,0.15427194034078245,0.18651850881202947,10,4,3,0,2,1,0,0,0.05080483630719479,1282
0,2,6,14,0,1,3,0,1,1.5107793948846377,16,0.8520059401879573,-0.34689601114131274,4,3,0.6286652163124382,0.7487513344176681,5,4,3,0,3,2,0,0,0.0016410727734399659,2474
1,4,2,15,2,2,4,0,1,-1.3378282183658576,4,-2.192598383796235,-0.20078570726765277,2,3,1.4588534492628358,1.515432460243539,9,3,3,0,1,2,1,1,0.9996574440353004,1429
0,4,4,8,1,2,4,0,0,1.5107793948846377,4,-1.5836775189993966,0.3106003562901573,4,1,-1.2689078875741846,-1.2957316677846542,4,1,2,2,1,4,1,1,0.8006841802714237,1958
1,4,6,0,2,1,3,1,0,0.798627491572014,16,-1.5836775189993966,-0.9313372266359529,4,2,-1.1503095685812708,-1.193507517674538,12,3,2,2,2,3,1,1,0.9829723737463743,2314
0,4,4,10,0,2,4,1,0,0.798627491572014,15,1.4609268049847957,1.2603173314689473,0,2,1.1030584922840938,0.9531996346379004,7,4,3,0,3,1,0,0,0.0025231828662490973,1112
1,3,2,15,2,2,4,0,0,-1.3378282183658576,15,0.2430850753911188,-0.8582820746991228,1,4,0.035673621347868535,-0.17126601657337692,12,4,3,0,3,2,0,0,0.0024810095415569596,2013
1,2,6,14,0,0,2,0,0,-1.3378282183658576,6,1.4609268049847957,0.3106003562901573,0,3,1.2809559707734648,1.464320385188481,13,5,0,0,3,2,0,0,0.00286895250805769,2384
0,3,2,7,0,2,4,0,0,-0.6256763150532338,15,-1.5836775189993966,-1.6618887460042528,4,3,-0.0829246976450454,0.23763058386708755,10,4,3,3,2,1,1,1,0.9942783562134779,1792
1,3,6,14,0,2,4,1,1,0.08647558825939006,9,-1.5836775189993966,1.0411518756584572,3,3,1.8739475657380344,1.9754411357390615,16,3,0,0,4,2,1,1,0.9962931832784389,1331
0,3,2,15,2,0,0,0,0,-0.6256763150532338,3,-0.3658357894057197,-1.1505026824464428,3,1,-0.735215452106072,-0.6823867671239575,12,3,2,2,2,1,0,0,0.05827743040868418,2574
1,0,4,10,0,1,1,1,0,1.5107793948846377,7,-1.5836775189993966,0.09143490047966726,2,3,2.0518450442274054,1.9243290606840033,9,3,1,0,4,2,1,1,0.9945257914663462,1232
1,0,2,15,2,1,1,0,0,-0.6256763150532338,7,0.8520059401879573,-1.5888335940674227,0,3,0.4507677378230673,0.9531996346379004,8,4,3,0,2,2,0,0,0.020829962096356274,2052
1,0,5,12,1,2,4,0,0,-1.3378282183658576,15,1.4609268049847957,-1.1505026824464428,3,3,1.2809559707734648,1.1576479348581326,10,5,0,0,3,2,0,0,0.0017767445943612744,1773
0,3,4,10,0,1,1,0,1,0.798627491572014,7,0.2430850753911188,0.6758761159743073,2,4,-0.02362553814858843,-0.01792979140820275,6,5,0,0,2,3,0,0,0.02122005704759384,2482
1,2,1,6,2,1,3,1,0,0.08647558825939006,16,0.8520059401879573,1.1872621795321174,3,3,0.5693660568159812,0.44207888408731977,7,5,0,0,3,4,0,0,0.002399135754742974,2216
0,0,1,6,2,0,2,0,0,0.798627491572014,6,0.2430850753911188,-1.223557834383273,3,2,0.035673621347868535,0.13540643375697142,11,4,3,3,3,2,0,0,0.005848608697844832,1853
1,0,3,9,0,2,4,1,0,0.08647558825939006,14,-2.192598383796235,0.3836555082269873,3,2,0.5100668973195243,0.44207888408731977,10,3,3,3,2,1,1,1,0.9986097451973691,2576
1,0,0,4,2,2,4,1,0,-1.3378282183658576,9,-0.9747566542025582,-0.20078570726765277,3,1,-1.3282070470706417,-1.3468437428397122,6,1,2,2,2,0,0,1,0.6392151819950717,1594
0,3,3,9,0,2,4,0,0,0.08647558825939006,15,0.2430850753911188,0.6028209640374773,2,3,-0.14222385714150237,0.23763058386708755,6,4,3,3,3,1,0,0,0.005662769740909763,2436
1,4,1,6,2,0,2,0,0,-1.3378282183658576,11,1.4609268049847957,-0.20078570726765277,2,3,1.3402551302699217,1.2087600099131905,11,4,0,0,3,2,0,0,0.0029508151721667295,2702
0,1,6,14,0,0,2,1,0,0.08647558825939006,11,0.8520059401879573,0.6758761159743073,4,3,0.6286652163124382,0.33985473397720367,6,4,3,0,3,2,0,0,0.0017186128048667967,1479
0,2,0,1,2,0,0,0,1,0.798627491572014,3,-0.3658357894057197,0.4567106601638173,1,3,-0.794514611602529,-0.7846109172340736,6,4,2,3,3,4,0,0,0.0055620773252029135,2671
1,2,6,14,0,1,3,0,0,0.08647558825939006,16,-0.3658357894057197,-0.4930063150149728,4,2,-0.6166171331131581,-0.7334988421790155,13,4,2,3,3,2,0,0,0.003183241348356378,2589
1,4,6,13,1,2,4,0,0,-0.6256763150532338,9,-0.9747566542025582,0.4567106601638173,3,2,-1.3282070470706417,-1.193507517674538,8,4,2,2,2,3,0,0,0.025203348109621656,2505
1,3,5,11,1,2,4,1,0,-1.3378282183658576,15,1.4609268049847957,1.6255930911530974,4,3,1.3402551302699217,1.2087600099131905,12,3,0,0,3,1,0,0,0.0031484070780521418,2643
0,4,2,7,0,1,3,0,1,0.798627491572014,1,1.4609268049847957,0.5297658121006473,2,3,1.2216568112770079,1.2598720849682488,12,5,0,0,3,2,0,0,0.0026404015819173746,1269
0,2,6,14,0,0,2,1,1,0.08647558825939006,10,0.2430850753911188,-1.734943897941083,4,3,0.0949727808443255,-0.01792979140820275,7,4,3,0,1,1,0,0,0.17699056371736122,1960
0,4,1,6,2,0,2,0,0,0.08647558825939006,11,0.8520059401879573,0.3836555082269873,3,3,0.6879643758088951,0.6976392593626101,6,4,0,0,3,3,0,0,0.0024806174558812235,1926
0,4,5,12,1,1,1,0,0,1.5107793948846377,8,1.4609268049847957,1.4794827872794374,4,2,1.0437593327876369,1.515432460243539,11,4,3,3,3,2,0,0,0.003213839740773513,2746
1,2,2,15,2,1,1,1,1,1.5107793948846377,7,-1.5836775189993966,0.7489312679111373,1,2,0.7472635353053522,0.8509754845277843,9,4,3,3,1,2,1,1,0.9989430682354793,2556
0,2,5,11,1,0,2,0,0,1.5107793948846377,6,-0.9747566542025582,0.09143490047966726,3,2,-0.735215452106072,-0.7846109172340736,15,5,2,3,3,1,1,0,0.18942155902645838,1537
2,3,2,15,2,0,0,0,1,0.08647558825939006,3,0.8520059401879573,0.16449005241649728,3,2,0.6879643758088951,0.8509754845277843,13,4,3,3,2,1,0,0,0.00927688556008274,2135
0,4,2,3,1,1,1,0,0,1.5107793948846377,7,0.2430850753911188,-0.4199511630781428,3,3,-0.0829246976450454,-0.22237809162843497,17,5,3,0,3,4,0,0,0.0037809493856344276,2783
0,0,6,13,1,0,2,0,1,0.08647558825939006,11,0.2430850753911188,1.4064276353426073,4,4,-0.14222385714150237,-0.32460224173855107,18,5,3,0,3,3,0,0,0.00284812082510184,1562
0,0,1,6,2,1,1,0,0,-0.6256763150532338,12,0.2430850753911188,-1.5157784421305929,0,2,-0.02362553814858843,-0.01792979140820275,10,4,3,3,2,2,0,0,0.021791006749655235,2042
1,4,4,10,0,2,4,0,1,0.798627491572014,4,0.8520059401879573,0.01837974854283726,3,3,0.6286652163124382,0.9531996346379004,12,5,3,0,2,3,0,0,0.0177935904265405,1303
0,0,6,14,0,1,1,1,0,0.08647558825939006,7,-0.3658357894057197,0.23754520435332727,2,3,-0.675916292609615,-0.8868350673441897,10,5,3,3,4,4,0,0,0.0027655803975511727,2553
0,4,1,6,2,1,3,0,0,-0.6256763150532338,16,1.4609268049847957,1.1872621795321174,3,3,1.2809559707734648,1.2087600099131905,8,5,0,0,3,3,0,0,0.003945765337707805,2445
1,0,6,14,0,1,3,1,0,-0.6256763150532338,16,-1.5836775189993966,-1.734943897941083,4,2,-1.3875062065670987,-1.193507517674538,15,5,2,2,1,3,1,1,0.6222209980667648,2797
0,3,3,9,0,1,3,0,0,-1.3378282183658576,5,1.4609268049847957,0.09143490047966726,3,3,1.3995542897663786,1.2598720849682488,12,4,0,0,2,1,0,0,0.01605265615596817,2531
0,3,2,3,1,2,4,1,0,-1.3378282183658576,15,-0.3658357894057197,-0.20078570726765277,3,3,-0.675916292609615,-0.6823867671239575,11,5,2,3,3,1,0,0,0.003991527160525517,2502
0,0,6,14,0,2,4,1,0,1.5107793948846377,4,0.2430850753911188,0.16449005241649728,3,2,-0.14222385714150237,0.13540643375697142,9,4,2,2,2,2,0,0,0.03486436897372741,1268
0,2,6,0,2,1,1,0,0,0.798627491572014,7,1.4609268049847957,0.3106003562901573,0,3,1.3402551302699217,1.1065358598030746,4,4,0,0,3,1,0,0,0.006839758018182587,2036
0,3,3,2,2,1,3,1,0,1.5107793948846377,16,0.8520059401879573,0.3106003562901573,3,3,0.6879643758088951,0.7487513344176681,11,3,3,0,2,2,0,0,0.015055464817287166,2423
0,4,4,10,0,0,0,1,0,-0.6256763150532338,2,-0.9747566542025582,-0.4199511630781428,0,4,-1.2689078875741846,-1.091283367564422,7,3,2,3,3,1,0,0,0.026113247105425355,2419
0,0,6,13,1,0,2,1,0,0.798627491572014,11,0.8520059401879573,-0.7121717708254628,0,3,0.6286652163124382,0.6976392593626101,11,5,3,0,3,1,0,0,0.0024366698684205653,2387
1,2,2,15,2,2,4,1,1,0.798627491572014,15,-0.3658357894057197,0.3836555082269873,4,2,-0.6166171331131581,-0.6823867671239575,10,2,2,2,3,2,0,0,0.007207689539294854,1554
1,4,4,10,0,2,4,1,0,-1.3378282183658576,15,-0.9747566542025582,-0.8582820746991228,4,1,-1.3875062065670987,-1.2957316677846542,4,5,2,2,2,4,0,0,0.016110639338193625,2004
0,0,0,4,2,1,1,0,0,0.798627491572014,7,0.2430850753911188,-0.9313372266359529,0,2,0.0949727808443255,-0.01792979140820275,10,2,2,3,3,2,0,0,0.019985128855675317,2264
1,2,6,14,0,0,0,1,0,-0.6256763150532338,3,-0.3658357894057197,1.4794827872794374,4,2,-0.6166171331131581,-0.6823867671239575,14,3,2,3,3,2,0,0,0.0035835479842727066,2579
1,4,3,9,0,0,0,1,0,0.798627491572014,3,1.4609268049847957,-0.4930063150149728,2,4,1.3402551302699217,1.2598720849682488,12,4,0,0,3,4,0,0,0.002874476690778921,2560
0,0,4,8,1,1,1,0,0,-1.3378282183658576,12,0.2430850753911188,-1.2966129863201028,4,3,0.035673621347868535,0.13540643375697142,8,4,3,0,3,2,0,0,0.008296692215077554,2349
1,4,0,1,2,0,2,0,0,0.08647558825939006,11,0.2430850753911188,-0.7121717708254628,3,3,0.035673621347868535,0.33985473397720367,11,4,3,3,3,4,0,0,0.009539200528344012,1404
0,4,4,10,0,0,0,1,0,0.08647558825939006,3,-0.9747566542025582,-0.7852269227622928,3,3,-1.2689078875741846,-1.091283367564422,16,4,2,2,1,0,0,0,0.0767686152271078,1076
1,1,4,10,0,2,4,0,0,0.08647558825939006,9,1.4609268049847957,1.4794827872794374,3,3,1.1030584922840938,1.0554237847480163,10,4,0,0,3,3,0,0,0.0016369055677051705,1337
1,2,4,10,0,0,0,0,0,-1.3378282183658576,3,-0.9747566542025582,1.0411518756584572,3,3,-1.2096087280777277,-1.2446195927295962,17,3,2,3,2,4,0,0,0.043881943129493894,1873
0,2,6,14,0,1,3,1,0,1.5107793948846377,16,0.8520059401879573,0.9680967237216274,3,3,0.6879643758088951,0.6976392593626101,14,5,3,0,2,4,0,0,0.011209970363987869,2552
1,4,4,10,0,1,3,0,0,0.798627491572014,16,-0.3658357894057197,1.5525379392162675,0,2,-0.5573179736167011,-0.6823867671239575,17,3,2,3,2,2,0,0,0.06926971714991687,2763
1,0,0,4,2,0,0,0,0,0.798627491572014,3,-1.5836775189993966,0.01837974854283726,3,3,1.9332467252344914,2.1287773609042357,9,4,0,1,3,2,1,1,0.9973461097418785,1407
2,1,4,10,0,0,2,0,0,1.5107793948846377,11,1.4609268049847957,0.3106003562901573,0,2,1.0437593327876369,1.0043117096929584,10,4,3,3,3,2,0,0,0.001457026505105618,1435
0,0,6,14,0,2,4,1,0,1.5107793948846377,4,-0.9747566542025582,1.1872621795321174,3,2,-1.3282070470706417,-1.3468437428397122,18,4,2,2,3,2,0,0,0.0028941249995655047,1726
0,4,6,14,0,1,3,1,0,0.798627491572014,16,-0.9747566542025582,1.2603173314689473,0,3,1.9925458847309483,1.2598720849682488,10,3,1,0,3,1,1,1,0.9951117096444205,1749
0,3,6,13,1,0,2,0,0,-1.3378282183658576,11,1.4609268049847957,-0.27384085920448276,3,2,1.162357651780551,1.566544535298597,12,4,3,3,3,1,0,0,0.003812309585663761,2086
0,1,6,14,0,0,2,1,0,-1.3378282183658576,10,-0.3658357894057197,1.5525379392162675,3,3,1.9925458847309483,1.7198807604637711,11,3,1,0,4,2,1,1,0.9355704970406541,2743
0,4,4,10,0,2,4,1,0,-0.6256763150532338,4,-0.9747566542025582,-1.6618887460042528,2,2,-1.3875062065670987,-1.2446195927295962,8,2,2,2,1,4,0,1,0.7230513910763131,2382
1,3,0,4,2,1,3,0,0,-1.3378282183658576,16,1.4609268049847957,0.01837974854283726,4,2,1.3995542897663786,1.2087600099131905,11,3,3,0,3,2,0,0,0.0032025898078315977,1448
1,2,1,6,2,0,2,1,0,0.08647558825939006,11,1.4609268049847957,-1.5888335940674227,0,3,1.4588534492628358,1.1065358598030746,11,4,0,0,2,2,0,0,0.01520202541648203,1103
1,2,5,12,1,1,1,1,1,-1.3378282183658576,8,1.4609268049847957,0.23754520435332727,2,2,1.0437593327876369,0.9020875595828423,14,4,3,0,2,1,0,0,0.008675226955129053,2439
0,4,3,2,2,1,1,1,0,-0.6256763150532338,8,-1.5836775189993966,0.09143490047966726,4,3,-0.14222385714150237,0.033182283646855305,9,5,3,3,3,2,1,1,0.9630674047094399,1809
1,3,3,2,2,1,3,1,0,-0.6256763150532338,16,1.4609268049847957,-0.12773055533082275,3,3,1.2809559707734648,1.1065358598030746,9,4,0,0,2,2,0,0,0.006222803063375305,2653
0,4,1,6,2,2,4,0,1,0.798627491572014,15,0.8520059401879573,-0.7852269227622928,4,2,0.5100668973195243,0.18651850881202947,10,4,3,3,3,1,0,0,0.002738521470633413,1513
0,3,6,0,2,1,1,0,0,-1.3378282183658576,8,0.8520059401879573,0.7489312679111373,4,3,0.5100668973195243,0.44207888408731977,9,4,3,0,3,2,0,0,0.005049300153962601,1943
1,4,6,13,1,0,0,0,1,0.08647558825939006,3,0.8520059401879573,-1.1505026824464428,3,2,0.5100668973195243,0.9020875595828423,14,4,2,3,3,4,0,0,0.0025188276741882573,1178
0,3,6,14,0,1,3,1,0,-0.6256763150532338,16,-0.3658357894057197,-0.8582820746991228,3,3,-0.5573179736167011,-0.47793846690372527,11,4,3,3,2,3,0,0,0.026714957654205847,2452
0,4,4,10,0,0,2,0,1,0.798627491572014,11,0.8520059401879573,0.01837974854283726,3,4,0.5693660568159812,0.33985473397720367,16,4,0,0,3,1,0,0,0.004002480623467585,2713
0,1,2,15,2,1,1,1,0,0.08647558825939006,7,-0.9747566542025582,0.8950415717847974,3,2,-1.3282070470706417,-1.2446195927295962,9,3,2,2,2,0,0,0,0.04486747986591031,2747
0,2,0,1,2,2,4,0,0,1.5107793948846377,9,0.2430850753911188,-1.5888335940674227,3,1,-1.2689078875741846,-1.2957316677846542,2,2,2,2,3,2,1,1,0.8539851587687374,1387
1,1,2,3,1,0,2,1,0,0.08647558825939006,11,-0.3658357894057197,-1.369668138256933,3,3,-0.675916292609615,-0.32460224173855107,6,4,2,3,2,2,0,0,0.014413268374978118,2689
0,4,4,8,1,1,1,0,0,1.5107793948846377,7,-1.5836775189993966,-1.2966129863201028,3,1,-1.8618994825387543,-1.8579644933902928,18,1,2,2,2,4,1,1,0.9563407423484559,2101
1,4,6,14,0,1,3,1,0,0.08647558825939006,16,0.2430850753911188,0.23754520435332727,3,3,-0.02362553814858843,-0.12015394151831886,15,4,3,0,4,1,0,0,0.0035349780702614905,1997
1,0,2,15,2,0,0,1,0,0.08647558825939006,3,-0.3658357894057197,-0.34689601114131274,3,3,-0.794514611602529,-0.7334988421790155,10,4,3,3,2,1,0,0,0.02051513613458703,1986
1,3,5,12,1,1,1,1,0,0.798627491572014,7,-1.5836775189993966,-0.27384085920448276,3,2,-1.3282070470706417,-1.2446195927295962,13,5,2,2,3,3,0,0,0.2255951801972289,1038
1,1,0,4,2,2,4,0,0,-1.3378282183658576,15,0.8520059401879573,0.7489312679111373,2,3,0.8065626948018091,0.6976392593626101,10,4,3,0,2,1,0,0,0.01570072520043594,1706
0,0,3,9,0,2,4,0,0,1.5107793948846377,15,0.8520059401879573,0.8219864198479673,3,1,0.5693660568159812,0.5443030341974359,13,2,2,2,3,1,0,0,0.013390886200176767,2061
0,1,3,9,0,0,2,1,1,-1.3378282183658576,11,1.4609268049847957,1.5525379392162675,3,2,1.2216568112770079,1.1065358598030746,11,4,3,0,2,1,0,0,0.006967198319652781,2650
2,2,0,4,2,0,0,1,1,-1.3378282183658576,3,0.8520059401879573,0.09143490047966726,4,3,0.3914685783266103,0.28874265892214557,13,4,3,0,3,2,0,0,0.001743038807810063,1597
1,0,4,10,0,0,0,0,1,0.798627491572014,3,-0.3658357894057197,-0.6391166188886328,2,3,-0.735215452106072,-0.8868350673441897,9,4,3,3,2,1,0,0,0.027480502843674055,1609
0,2,3,9,0,1,1,1,0,1.5107793948846377,7,-0.9747566542025582,-0.7121717708254628,4,1,-1.2689078875741846,-1.14239544261948,13,3,2,2,2,2,0,0,0.026141026137735137,2129
2,0,6,13,1,0,2,1,0,0.798627491572014,11,1.4609268049847957,0.6758761159743073,3,3,1.3402551302699217,1.1576479348581326,14,4,0,0,3,3,0,0,0.0015456366655319878,2431
0,2,4,8,1,2,4,0,0,1.5107793948846377,15,0.8520059401879573,0.6028209640374773,2,3,0.7472635353053522,0.6976392593626101,7,5,3,0,3,3,0,0,0.0021857715857914162,1746
0,1,6,0,2,2,4,0,0,0.08647558825939006,15,0.8520059401879573,1.5525379392162675,3,2,0.6286652163124382,0.8509754845277843,14,4,3,0,2,2,0,0,0.0043864768886795824,2081
0,3,2,7,0,1,3,0,1,-1.3378282183658576,16,-0.3658357894057197,0.5297658121006473,2,3,-0.735215452106072,-0.9379471423992478,10,4,2,3,3,2,0,0,0.00377543583176122,1547
1,2,5,11,1,1,1,0,0,-1.3378282183658576,7,-0.3658357894057197,1.3333724834057774,4,2,-0.14222385714150237,0.23763058386708755,8,4,3,3,2,1,0,0,0.15731942327526852,1362
1,4,3,2,2,2,4,1,0,0.798627491572014,15,0.8520059401879573,0.8219864198479673,4,1,0.5693660568159812,0.7487513344176681,8,2,2,3,3,2,0,0,0.01269945085718533,2007
0,2,6,14,0,0,2,0,0,0.798627491572014,6,0.8520059401879573,1.1142070275952873,3,2,0.5100668973195243,0.3909668090322617,6,4,3,3,1,4,0,0,0.0646653487694645,2163
0,2,6,14,0,0,2,1,0,0.08647558825939006,11,-0.9747566542025582,1.0411518756584572,0,3,-1.2689078875741846,-1.3468437428397122,5,4,2,3,3,1,0,0,0.004455977341057183,2018
1,0,0,4,2,2,4,0,0,-0.6256763150532338,9,1.4609268049847957,-0.7121717708254628,0,3,1.1030584922840938,1.1065358598030746,7,4,3,0,2,2,0,0,0.024126235160342114,1409
0,0,3,2,2,0,2,0,0,1.5107793948846377,11,-0.3658357894057197,-0.27384085920448276,2,2,-0.675916292609615,-0.37571431679360917,17,4,2,2,2,3,0,0,0.013820468498765611,2010
0,0,4,8,1,1,1,1,0,-0.6256763150532338,7,-0.3658357894057197,-0.7121717708254628,2,3,-0.794514611602529,-0.8868350673441897,10,5,3,3,3,3,0,0,0.002542183654242669,1228
1,1,2,15,2,0,2,1,0,0.08647558825939006,11,-0.3658357894057197,-1.734943897941083,3,2,-0.735215452106072,-0.5290505419587833,15,4,2,2,3,4,0,0,0.0048537560217537115,1826
1,3,6,14,0,1,3,0,0,0.08647558825939006,16,0.2430850753911188,-1.1505026824464428,4,3,0.035673621347868535,0.033182283646855305,12,4,3,3,3,2,0,0,0.002349660949888276,2646
1,3,2,3,1,1,3,0,0,1.5107793948846377,16,0.2430850753911188,-0.20078570726765277,3,3,0.035673621347868535,0.033182283646855305,13,4,3,3,2,1,0,0,0.011725963419813416,2473
1,4,6,13,1,2,4,0,0,1.5107793948846377,15,1.4609268049847957,-0.34689601114131274,4,3,1.1030584922840938,1.1065358598030746,12,4,0,0,3,4,0,0,0.002146143914176158,2094
0,4,5,12,1,2,4,1,0,1.5107793948846377,4,-2.192598383796235,-1.6618887460042528,3,3,-1.9804978015316683,-2.011300718555467,3,2,2,2,2,4,1,1,0.9991016375561347,1195
1,3,6,14,0,1,3,1,0,-0.6256763150532338,16,-0.9747566542025582,-1.0043923785727829,3,2,-0.6166171331131581,-0.5801626170138414,8,3,2,3,2,1,1,1,0.6901117080333568,1824
1,0,6,14,0,0,2,0,0,0.08647558825939006,11,1.4609268049847957,-0.4199511630781428,4,2,1.162357651780551,0.7487513344176681,12,4,3,0,3,1,0,0,0.0017968890476208381,1061
1,4,1,6,2,2,4,0,0,1.5107793948846377,9,-0.9747566542025582,0.6028209640374773,3,1,-1.2689078875741846,-1.14239544261948,18,3,2,2,2,2,0,0,0.24241123399544726,2514
0,1,4,8,1,1,1,0,0,-1.3378282183658576,7,1.4609268049847957,1.6255930911530974,3,3,1.3402551302699217,1.3620962350783647,9,4,0,0,3,2,0,0,0.002047325402713366,2739
0,2,0,4,2,2,4,1,1,1.5107793948846377,15,-0.9747566542025582,-1.0043923785727829,2,4,-1.2689078875741846,-1.2446195927295962,13,5,2,3,3,3,0,0,0.004362449445249561,1162
2,3,0,1,2,1,1,1,0,-1.3378282183658576,7,-1.5836775189993966,0.9680967237216274,4,3,2.0518450442274054,1.9243290606840033,12,3,1,0,4,1,1,1,0.9959661532584545,1900
1,4,2,15,2,2,4,1,0,1.5107793948846377,15,0.8520059401879573,-0.6391166188886328,0,4,1.3995542897663786,1.3109841600233068,12,4,1,1,3,1,0,0,0.0026202494585594316,2393
1,1,6,14,0,0,2,1,0,-1.3378282183658576,11,-0.9747566542025582,0.6758761159743073,3,3,-1.9804978015316683,-1.960188643500409,19,5,2,2,2,4,1,1,0.918629040001575,1302
1,3,6,14,0,2,4,0,0,-1.3378282183658576,15,-0.3658357894057197,-0.9313372266359529,3,2,-0.675916292609615,-0.8357229922891317,14,3,2,2,3,2,0,0,0.006144481868744515,2184
1,0,0,4,2,2,4,1,0,0.798627491572014,15,0.2430850753911188,-1.4427232901937628,3,3,0.15427194034078245,0.08429435870191336,8,3,3,0,2,2,0,0,0.1566448793457323,1352
1,2,3,9,0,0,2,0,0,-1.3378282183658576,6,-0.9747566542025582,1.6986482430899275,2,2,-1.2689078875741846,-1.14239544261948,10,5,2,2,3,3,0,0,0.0036480518796223704,1670
0,0,5,11,1,0,2,1,0,0.798627491572014,11,-2.192598383796235,-1.369668138256933,2,3,2.466939160702604,2.7421222615649326,9,3,1,0,3,2,1,1,0.9968758580262855,1127
1,0,2,7,0,1,1,1,0,1.5107793948846377,7,0.2430850753911188,1.0411518756584572,4,2,-0.02362553814858843,-0.12015394151831886,10,4,3,3,2,1,0,0,0.011817471538290325,2352
0,2,1,5,3,1,3,1,0,0.08647558825939006,16,-0.9747566542025582,-0.34689601114131274,4,3,-1.2689078875741846,-1.4490678929498284,14,4,3,3,3,0,0,0,0.0045989042473252575,1310
0,4,3,2,2,0,0,0,0,0.08647558825939006,3,0.2430850753911188,-0.7852269227622928,3,2,0.035673621347868535,-0.32460224173855107,9,3,3,3,2,1,0,0,0.06710299798211171,1905
0,1,5,12,1,2,4,0,0,0.798627491572014,0,-0.9747566542025582,0.5297658121006473,3,2,-1.2689078875741846,-1.3979558178947702,3,5,2,2,2,2,0,0,0.012307459194155943,1099
1,0,6,14,0,1,3,0,1,0.08647558825939006,16,1.4609268049847957,-0.4199511630781428,2,4,1.0437593327876369,1.0043117096929584,12,4,0,0,3,2,0,0,0.0013955660393466704,1203
0,4,2,15,2,1,3,1,1,0.08647558825939006,16,-0.3658357894057197,1.2603173314689473,4,3,-0.675916292609615,-0.7334988421790155,15,4,2,3,3,2,0,0,0.0038923445115806644,1349
0,3,4,8,1,2,4,0,1,1.5107793948846377,15,-0.3658357894057197,-1.0043923785727829,2,3,2.1704433632203193,2.0265532107941193,8,3,4,0,3,2,1,1,0.9774618271599081,2550
1,4,6,14,0,0,0,1,0,1.5107793948846377,3,1.4609268049847957,1.3333724834057774,3,2,0.98446017329118,1.4132083101334227,8,4,3,3,3,2,0,0,0.004732949024747388,1953
1,1,3,9,0,1,3,0,0,-0.6256763150532338,16,0.2430850753911188,-0.9313372266359529,3,2,-0.14222385714150237,0.28874265892214557,6,4,2,2,3,1,0,0,0.006185270219530303,2287
0,4,0,4,2,0,2,0,0,0.08647558825939006,6,0.2430850753911188,1.3333724834057774,2,2,0.035673621347868535,0.13540643375697142,13,4,2,3,2,1,0,0,0.08621299125463606,1962
0,2,3,9,0,2,4,0,1,-0.6256763150532338,15,0.8520059401879573,0.8950415717847974,2,2,0.5693660568159812,0.6976392593626101,11,3,3,3,3,1,0,0,0.00264571039640753,2630
1,4,6,13,1,2,4,1,0,0.08647558825939006,9,-0.9747566542025582,-0.7852269227622928,2,3,-1.2689078875741846,-1.2446195927295962,11,4,2,2,4,1,0,0,0.005382409622765639,2410
1,0,4,8,1,0,0,0,0,-1.3378282183658576,3,0.8520059401879573,-1.0043923785727829,0,2,1.2809559707734648,1.2087600099131905,9,4,3,0,3,2,0,0,0.002538427495239058,1386
1,3,2,7,0,1,1,1,0,1.5107793948846377,8,1.4609268049847957,0.7489312679111373,0,3,1.3402551302699217,1.3620962350783647,13,5,0,0,3,2,0,0,0.00283989953833246,1419
1,0,4,8,1,1,1,1,0,0.08647558825939006,7,0.2430850753911188,-0.7121717708254628,4,3,-0.02362553814858843,0.033182283646855305,9,3,3,0,2,1,0,0,0.04271150791372181,2437
0,3,1,6,2,0,0,1,0,0.08647558825939006,3,0.8520059401879573,-0.4199511630781428,3,3,0.6879643758088951,0.6976392593626101,13,3,3,0,2,2,0,0,0.04886018717819482,1983
2,3,6,13,1,1,1,0,0,-0.6256763150532338,7,1.4609268049847957,0.01837974854283726,3,3,1.2809559707734648,1.1065358598030746,12,4,0,0,3,2,0,0,0.0016044780848975184,2635
1,3,4,8,1,1,3,0,0,0.08647558825939006,5,0.8520059401879573,-1.4427232901937628,4,3,0.6286652163124382,0.8509754845277843,11,4,3,0,3,4,0,0,0.001926934812708788,1703
1,0,4,10,0,1,3,1,0,-0.6256763150532338,13,-0.9747566542025582,0.3106003562901573,2,2,-1.2689078875741846,-1.4490678929498284,12,5,2,2,3,4,0,0,0.0032769822802414337,1332
1,3,4,10,0,0,0,0,0,-0.6256763150532338,3,-0.9747566542025582,-0.5660614669518028,4,3,-1.2096087280777277,-1.2957316677846542,16,5,2,3,2,3,0,0,0.04740073685213836,2124
0,1,4,10,0,0,0,1,1,-0.6256763150532338,2,0.8520059401879573,-0.9313372266359529,4,2,0.5693660568159812,0.595415109252494,14,4,3,3,2,1,0,0,0.009802347389469496,1187
1,2,1,6,2,0,2,0,1,0.08647558825939006,11,0.8520059401879573,0.23754520435332727,2,3,0.6879643758088951,0.646527184307552,13,4,0,0,3,1,0,0,0.0018175237803202391,1083
1,1,2,7,0,0,2,0,1,0.08647558825939006,11,0.2430850753911188,1.5525379392162675,3,2,0.0949727808443255,0.13540643375697142,13,3,3,3,2,2,0,0,0.037265652813810085,1376
0,0,2,15,2,0,0,0,0,0.08647558825939006,3,1.4609268049847957,-1.0774475305096127,3,3,1.1030584922840938,1.3620962350783647,12,4,3,0,3,2,0,0,0.003931655780363538,1951
1,1,1,6,2,1,3,0,0,0.08647558825939006,16,-0.3658357894057197,1.4064276353426073,4,3,-0.5573179736167011,-0.5290505419587833,8,4,3,3,2,2,0,0,0.04481724630244143,1326
1,4,6,14,0,2,4,0,0,-0.6256763150532338,15,-0.9747566542025582,-0.27384085920448276,3,4,1.9925458847309483,1.6687686854087131,6,3,4,1,3,1,1,1,0.9947557335930394,2774
0,4,3,9,0,0,0,1,1,0.08647558825939006,3,-1.5836775189993966,-1.0043923785727829,2,2,0.035673621347868535,0.23763058386708755,11,2,3,3,2,3,1,1,0.9966025315384358,1293
1,3,2,15,2,0,2,0,0,-0.6256763150532338,11,-0.9747566542025582,-1.6618887460042528,3,3,-1.2689078875741846,-1.2957316677846542,17,4,2,3,2,4,0,0,0.05091677860053332,2752
0,2,4,10,0,2,4,1,0,1.5107793948846377,0,-0.3658357894057197,0.16449005241649728,2,3,2.763434958184889,2.5376739613447,7,3,4,0,4,4,1,1,0.9729602029625621,2621
2,2,2,7,0,1,1,1,0,-0.6256763150532338,7,1.4609268049847957,0.6028209640374773,3,3,1.162357651780551,1.2087600099131905,10,4,0,0,3,1,0,0,0.001769339270376608,1182
0,3,1,6,2,0,0,0,0,0.08647558825939006,3,-0.9747566542025582,-0.20078570726765277,4,3,-1.2689078875741846,-1.4490678929498284,11,5,2,3,4,0,0,0,0.008722782329651218,2206
0,2,1,5,3,0,0,0,1,-0.6256763150532338,3,-0.3658357894057197,-0.8582820746991228,2,4,-0.5573179736167011,-0.47793846690372527,13,5,3,0,3,2,0,0,0.005677093919165585,1891
0,0,6,14,0,2,4,0,1,-0.6256763150532338,15,-0.9747566542025582,1.0411518756584572,0,5,-1.3282070470706417,-1.193507517674538,7,5,3,3,4,2,0,0,0.003267849294552872,1422
1,0,4,10,0,1,3,0,0,0.798627491572014,16,-0.9747566542025582,-0.12773055533082275,4,2,-1.2689078875741846,-1.4490678929498284,12,3,2,2,3,4,0,0,0.00418712771897678,1780
1,2,0,4,2,0,0,1,0,1.5107793948846377,3,0.2430850753911188,1.1142070275952873,0,3,-0.0829246976450454,-0.4268263918486672,13,3,3,3,2,2,0,0,0.051631145406961426,1817
1,0,0,1,2,2,4,0,0,-1.3378282183658576,9,-0.9747566542025582,-1.369668138256933,3,3,-1.3282070470706417,-1.193507517674538,12,4,2,3,3,2,1,0,0.0031750786412619303,2120
0,0,2,15,2,0,2,0,1,-1.3378282183658576,6,0.2430850753911188,1.3333724834057774,3,3,-0.0829246976450454,0.033182283646855305,11,4,3,0,2,1,0,0,0.014087832069719905,1927
2,4,2,15,2,1,1,1,0,0.08647558825939006,7,-0.9747566542025582,0.6758761159743073,2,2,-1.1503095685812708,-1.14239544261948,5,4,2,2,3,2,0,0,0.00857941799293856,2178
0,2,6,0,2,1,3,1,0,1.5107793948846377,1,-0.3658357894057197,-1.5157784421305929,2,3,-0.5573179736167011,-0.47793846690372527,11,5,3,3,3,2,0,0,0.013208364159653313,1648
1,1,6,14,0,0,2,0,0,1.5107793948846377,11,0.2430850753911188,0.6758761159743073,2,2,0.0949727808443255,0.033182283646855305,14,3,2,3,3,3,0,0,0.0035105430196703306,2093
1,2,3,9,0,0,0,1,0,0.798627491572014,3,1.4609268049847957,-1.5888335940674227,4,2,1.1030584922840938,1.3620962350783647,11,3,3,0,2,2,0,0,0.04987139653090381,1425
0,0,1,5,3,2,4,1,0,0.08647558825939006,15,0.8520059401879573,0.6028209640374773,2,2,0.5100668973195243,0.5443030341974359,8,3,3,3,3,2,0,0,0.002799015589395747,1134
2,3,2,3,1,1,1,0,0,1.5107793948846377,7,-0.3658357894057197,0.4567106601638173,3,2,-0.6166171331131581,-0.6823867671239575,14,5,2,2,2,4,0,0,0.01689344393489558,2226
1,3,6,13,1,0,0,0,0,1.5107793948846377,3,0.2430850753911188,-1.223557834383273,3,3,0.0949727808443255,-0.01792979140820275,9,4,3,0,2,1,0,0,0.029335542336781945,1224
0,2,2,15,2,0,2,0,1,-0.6256763150532338,11,0.2430850753911188,-0.7852269227622928,3,4,0.035673621347868535,0.23763058386708755,13,5,3,0,3,1,0,0,0.006932154715166835,1803
1,4,6,0,2,0,2,1,0,0.798627491572014,11,-0.3658357894057197,-1.0043923785727829,4,2,-0.675916292609615,-0.6823867671239575,7,5,2,3,3,4,0,0,0.04087784244361347,1092
1,3,5,11,1,2,4,1,0,1.5107793948846377,9,-0.3658357894057197,-1.4427232901937628,3,5,-0.6166171331131581,-0.5290505419587833,11,5,3,0,3,1,0,0,0.004856539518311513,2407
0,0,5,11,1,2,4,1,0,-1.3378282183658576,15,1.4609268049847957,0.3106003562901573,3,3,1.162357651780551,1.1576479348581326,12,5,0,0,3,3,0,0,0.0018607941006422626,2697
1,4,4,10,0,0,2,0,0,-0.6256763150532338,6,-0.3658357894057197,0.4567106601638173,3,2,-0.4980188141202442,-0.4268263918486672,10,3,2,3,2,1,0,0,0.18440032932946837,1615
0,0,4,10,0,1,3,0,0,1.5107793948846377,16,1.4609268049847957,-1.734943897941083,0,4,1.1030584922840938,1.4132083101334227,10,4,0,0,3,2,0,0,0.00437788444550715,1286
0,2,6,14,0,1,1,1,0,1.5107793948846377,7,0.2430850753911188,-0.8582820746991228,2,2,-0.20152301663795932,-0.01792979140820275,11,4,2,3,4,1,0,0,0.0024979342720234175,2204
1,4,6,14,0,0,2,0,0,1.5107793948846377,6,0.8520059401879573,-1.1505026824464428,3,4,0.4507677378230673,0.033182283646855305,13,5,0,0,3,2,0,0,0.0023759382329719327,2015
1,0,4,10,0,0,2,1,0,0.798627491572014,11,-0.9747566542025582,1.0411518756584572,3,4,-1.2689078875741846,-1.14239544261948,9,4,2,3,2,2,0,0,0.01834849243200691,2484
0,2,3,2,2,0,2,0,0,0.08647558825939006,11,-0.3658357894057197,-1.5157784421305929,0,2,-0.5573179736167011,-0.47793846690372527,9,2,2,3,2,1,1,0,0.1304500668659727,2142
1,3,3,9,0,0,2,0,1,-1.3378282183658576,11,-0.3658357894057197,-1.1505026824464428,3,3,-0.5573179736167011,-0.7334988421790155,15,5,3,3,3,1,0,0,0.00705379006531433,1054
0,0,5,11,1,2,4,1,0,1.5107793948846377,9,1.4609268049847957,1.4064276353426073,4,3,1.162357651780551,0.9020875595828423,6,5,0,0,3,2,0,0,0.0026504797901380005,1991
0,3,4,10,0,1,3,0,0,-1.3378282183658576,5,0.8520059401879573,-0.27384085920448276,0,3,1.4588534492628358,1.2087600099131905,11,4,3,0,4,1,0,0,0.0019379199729447928,2554
1,4,4,10,0,1,3,0,0,-1.3378282183658576,16,0.8520059401879573,-0.20078570726765277,3,3,0.6879643758088951,0.33985473397720367,7,4,3,0,3,4,0,0,0.002322167024353188,1306
0,4,6,0,2,2,4,0,1,0.798627491572014,9,-0.9747566542025582,-1.2966129863201028,3,3,-0.735215452106072,-0.8357229922891317,4,4,2,3,3,2,0,0,0.4009259912023929,2173
1,0,6,13,1,0,0,1,0,0.798627491572014,3,0.8520059401879573,1.1142070275952873,3,4,0.7472635353053522,0.646527184307552,10,5,0,0,2,4,0,0,0.007471013959545191,2614
0,4,3,9,0,1,3,0,0,0.798627491572014,16,0.2430850753911188,1.4064276353426073,2,4,-0.20152301663795932,0.23763058386708755,15,4,3,0,3,2,0,0,0.005241733274735296,1859
0,3,0,1,2,0,0,0,0,0.798627491572014,3,0.8520059401879573,1.2603173314689473,4,3,0.7472635353053522,0.7998634094727262,6,4,3,0,2,2,0,0,0.008881357878869798,1298
1,1,2,3,1,2,4,1,0,-0.6256763150532338,9,-0.9747566542025582,1.1142070275952873,0,3,-1.3282070470706417,-1.2446195927295962,12,4,2,2,3,2,0,0,0.0030818073012467777,1572
1,3,0,1,2,2,4,0,0,0.08647558825939006,15,0.2430850753911188,1.4064276353426073,3,3,-0.0829246976450454,-0.12015394151831886,11,5,3,0,3,1,0,0,0.002496941888237575,2074
1,2,2,15,2,0,0,1,0,0.798627491572014,3,1.4609268049847957,-1.0774475305096127,0,3,1.3402551302699217,1.3109841600233068,11,4,3,0,2,1,0,0,0.010412918404888807,1108
1,3,2,3,1,2,4,0,1,1.5107793948846377,4,1.4609268049847957,0.8950415717847974,3,3,1.3402551302699217,1.7198807604637711,14,4,3,0,2,1,0,0,0.24381101240407269,1548
1,3,6,14,0,1,3,0,0,-1.3378282183658576,16,0.8520059401879573,0.6028209640374773,3,4,0.6879643758088951,0.8509754845277843,9,5,0,0,3,3,0,0,0.0019247906474288748,1066
1,1,5,11,1,2,4,1,0,0.08647558825939006,15,0.2430850753911188,-1.5888335940674227,2,2,-0.0829246976450454,0.18651850881202947,17,4,2,3,3,2,0,0,0.004689674009669914,1342
1,3,5,12,1,2,4,1,0,-0.6256763150532338,9,1.4609268049847957,0.3836555082269873,3,2,1.162357651780551,1.1065358598030746,7,5,3,3,2,2,0,0,0.015766861703881703,2185
1,4,2,7,0,1,1,0,0,1.5107793948846377,7,0.2430850753911188,0.8950415717847974,3,2,0.035673621347868535,-0.01792979140820275,5,4,2,3,3,2,0,0,0.002144623190622393,1980
1,1,4,8,1,1,1,1,1,-1.3378282183658576,7,-0.9747566542025582,-1.734943897941083,2,1,-1.3282070470706417,-1.2446195927295962,5,2,2,2,4,4,0,0,0.04906629216274216,1057
0,0,2,15,2,0,2,1,0,0.798627491572014,6,-2.192598383796235,0.23754520435332727,2,3,-1.2689078875741846,-1.4490678929498284,15,3,2,3,2,2,1,1,0.5695652847052518,1168
1,1,0,1,2,0,0,1,0,-1.3378282183658576,3,0.8520059401879573,-1.0774475305096127,3,3,0.5693660568159812,0.8509754845277843,13,4,3,0,2,1,0,0,0.011392847219376735,1827
1,3,4,10,0,1,1,1,0,0.798627491572014,7,-0.9747566542025582,-0.5660614669518028,4,3,-1.2096087280777277,-1.2957316677846542,2,5,2,3,2,1,0,0,0.03394530640473603,1864
0,1,3,9,0,2,4,0,0,1.5107793948846377,15,-0.3658357894057197,1.6255930911530974,0,3,1.8739475657380344,2.2821135860694097,11,4,4,0,4,1,1,1,0.9562250594306795,1265
0,3,5,12,1,0,0,0,0,-1.3378282183658576,2,0.2430850753911188,0.3836555082269873,3,2,-0.0829246976450454,0.033182283646855305,11,4,2,2,1,2,0,0,0.13248364903906631,1532
0,2,2,3,1,1,3,1,0,0.798627491572014,1,-0.3658357894057197,0.7489312679111373,2,3,-0.675916292609615,-0.7334988421790155,16,4,3,3,1,2,0,0,0.030708753029868776,1574
1,4,5,12,1,0,2,1,0,0.08647558825939006,11,-0.3658357894057197,-1.1505026824464428,3,2,-0.675916292609615,-0.5290505419587833,17,4,2,2,2,1,0,0,0.047867860348811415,2471
1,4,0,4,2,1,1,0,1,-1.3378282183658576,7,-0.3658357894057197,0.5297658121006473,2,2,-0.675916292609615,-0.6312746920688994,7,4,3,3,3,1,0,0,0.003923586887646844,1009
0,1,5,11,1,1,3,0,0,0.798627491572014,16,1.4609268049847957,1.4064276353426073,3,3,1.162357651780551,1.3620962350783647,10,4,3,0,2,1,0,0,0.0200571160676352,2153
1,2,0,4,2,0,0,1,0,0.08647558825939006,3,-0.3658357894057197,-1.0774475305096127,0,3,-0.5573179736167011,-0.37571431679360917,14,5,3,3,2,4,0,0,0.06863337117000845,1614
1,3,4,10,0,1,1,1,1,0.798627491572014,7,0.8520059401879573,-0.9313372266359529,4,3,0.4507677378230673,0.7487513344176681,10,4,3,0,2,1,0,0,0.011235995339986772,2537
1,4,3,9,0,2,4,0,0,0.08647558825939006,15,0.8520059401879573,-0.8582820746991228,0,2,0.7472635353053522,0.8509754845277843,8,4,3,3,2,2,0,0,0.02190976059953408,2332
1,0,1,6,2,0,2,0,0,1.5107793948846377,11,0.8520059401879573,1.2603173314689473,3,3,0.8065626948018091,1.0554237847480163,8,4,3,0,3,2,0,0,0.0026839274253084673,1660
0,4,2,3,1,1,3,0,0,1.5107793948846377,16,1.4609268049847957,1.4794827872794374,4,2,1.3995542897663786,1.2598720849682488,15,4,3,0,2,3,0,0,0.00997896485999432,1305
0,0,5,12,1,0,0,1,0,0.08647558825939006,3,-0.3658357894057197,0.01837974854283726,4,3,-0.675916292609615,-0.5801626170138414,15,3,2,3,3,2,0,0,0.006436905031775682,2598
1,0,5,11,1,0,2,0,0,-0.6256763150532338,11,1.4609268049847957,1.6255930911530974,4,2,1.1030584922840938,1.464320385188481,10,3,3,3,3,1,0,0,0.003455824081735471,1242
0,4,6,14,0,1,3,0,0,0.08647558825939006,16,-0.3658357894057197,0.4567106601638173,4,2,-0.675916292609615,-0.7846109172340736,12,4,2,2,2,0,0,0,0.03210935458877559,1004
0,2,6,14,0,0,0,1,0,0.08647558825939006,3,1.4609268049847957,1.4064276353426073,2,4,1.162357651780551,1.3109841600233068,13,5,0,0,3,1,0,0,0.0015541199086142143,2245
1,0,4,10,0,0,0,0,0,-0.6256763150532338,3,-0.3658357894057197,-1.223557834383273,3,3,0.0949727808443255,0.033182283646855305,12,3,3,3,2,3,1,0,0.08831819579256765,2353
1,3,2,3,1,2,4,0,0,-1.3378282183658576,15,0.2430850753911188,0.23754520435332727,3,3,-0.0829246976450454,-0.06904186646326081,13,5,3,0,4,3,0,0,0.0026975089976248685,1875
1,1,6,14,0,1,3,1,0,0.08647558825939006,16,-0.9747566542025582,-1.223557834383273,2,3,-1.3875062065670987,-1.5001799680048864,9,5,2,3,2,1,1,0,0.01374398518041375,1650
1,1,0,1,2,2,4,0,0,0.08647558825939006,9,0.8520059401879573,-1.4427232901937628,2,2,0.5693660568159812,0.646527184307552,12,3,3,3,3,1,0,0,0.002252233438914527,2457
1,3,5,12,1,0,0,1,0,-0.6256763150532338,3,0.8520059401879573,-0.7121717708254628,3,3,0.5100668973195243,0.4931909591423778,12,3,3,0,3,1,0,0,0.003938647157254326,2475
1,2,2,7,0,2,4,1,0,0.798627491572014,4,-1.5836775189993966,-0.34689601114131274,2,1,-1.3282070470706417,-1.3468437428397122,12,2,2,2,3,1,0,0,0.4252191122236026,2640
0,4,2,7,0,1,1,1,0,0.08647558825939006,7,0.2430850753911188,0.8219864198479673,0,3,-0.14222385714150237,-0.22237809162843497,7,5,3,3,2,1,0,0,0.016726657163984734,2767
0,1,3,2,2,0,0,1,0,0.798627491572014,3,1.4609268049847957,0.8950415717847974,1,3,1.3995542897663786,1.2087600099131905,10,5,0,0,2,1,0,0,0.004355061378023609,1529
0,2,6,14,0,0,0,1,0,0.08647558825939006,3,-0.3658357894057197,-0.8582820746991228,3,2,-0.675916292609615,-0.37571431679360917,11,4,2,2,3,2,0,0,0.005053562367744315,1828
0,0,2,7,0,0,0,1,0,0.08647558825939006,3,0.8520059401879573,-1.1505026824464428,4,3,0.6286652163124382,0.3909668090322617,14,3,0,0,3,2,0,0,0.0038781322268550415,1633
0,0,1,6,2,0,0,0,1,1.5107793948846377,3,-0.9747566542025582,-0.5660614669518028,3,4,-1.3282070470706417,-1.2957316677846542,4,5,3,3,3,3,0,0,0.007200274955665238,1249
0,1,0,4,2,1,3,1,0,0.08647558825939006,16,0.2430850753911188,-1.0774475305096127,4,3,-0.02362553814858843,0.08429435870191336,14,4,3,3,4,2,0,0,0.0029499301151938713,2299
2,1,1,6,2,1,1,1,0,-1.3378282183658576,12,0.8520059401879573,1.4064276353426073,3,2,0.5693660568159812,0.44207888408731977,13,5,2,3,3,2,0,0,0.001345401696757555,1984
1,0,6,14,0,1,1,1,1,1.5107793948846377,8,-0.9747566542025582,-0.34689601114131274,0,1,-1.2689078875741846,-1.3979558178947702,15,3,2,2,3,4,0,0,0.00453284210137409,1765
1,4,2,15,2,0,2,1,0,-1.3378282183658576,6,0.8520059401879573,-0.34689601114131274,2,3,0.8065626948018091,0.646527184307552,10,4,0,0,3,1,0,0,0.0036711813838149394,2768
1,1,3,9,0,0,0,1,1,-1.3378282183658576,3,-0.3658357894057197,0.8950415717847974,3,3,-0.675916292609615,-0.6823867671239575,8,4,3,3,3,2,0,0,0.006026741485655064,2492
0,1,0,1,2,2,4,0,0,-1.3378282183658576,15,-0.3658357894057197,1.4064276353426073,4,3,-0.675916292609615,-0.7334988421790155,7,4,3,3,4,2,0,0,0.0031045247821079244,1673
0,3,0,4,2,0,0,0,0,0.08647558825939006,3,1.4609268049847957,-1.6618887460042528,3,3,1.162357651780551,1.0554237847480163,15,5,0,0,2,2,0,0,0.018446648972796305,2724
1,2,3,9,0,2,4,1,0,1.5107793948846377,9,-0.3658357894057197,1.2603173314689473,4,4,-0.6166171331131581,-0.6823867671239575,8,4,3,0,2,1,0,0,0.05548413800448891,1367
1,3,2,3,1,0,0,0,0,0.08647558825939006,2,0.2430850753911188,-0.5660614669518028,3,3,-0.14222385714150237,-0.4268263918486672,11,5,3,0,3,2,0,0,0.004786903895276807,2401
0,3,2,15,2,0,2,1,0,-1.3378282183658576,11,-0.3658357894057197,0.23754520435332727,3,2,-0.6166171331131581,-0.32460224173855107,11,4,2,3,3,4,0,0,0.004422771880417142,2676
0,3,1,5,3,1,3,1,0,1.5107793948846377,16,-0.3658357894057197,-0.9313372266359529,4,2,-0.6166171331131581,-0.7334988421790155,13,4,2,3,3,2,0,0,0.003790472312705872,1896
1,0,6,14,0,0,0,1,0,-0.6256763150532338,3,-0.3658357894057197,-1.4427232901937628,4,2,-0.735215452106072,-0.7334988421790155,13,3,2,2,2,2,0,0,0.04623616720933032,2277
1,1,3,2,2,0,0,0,1,0.798627491572014,3,0.2430850753911188,0.6028209640374773,3,2,0.035673621347868535,0.23763058386708755,11,4,2,3,2,2,0,0,0.021311301521341485,2337
1,1,4,10,0,1,1,0,1,1.5107793948846377,7,0.8520059401879573,1.2603173314689473,3,4,0.865861854298266,0.8509754845277843,9,5,0,0,3,1,0,0,0.0015150545174358928,1641
1,2,3,9,0,1,1,1,0,-1.3378282183658576,7,-0.3658357894057197,1.5525379392162675,3,3,-0.735215452106072,-0.47793846690372527,14,2,2,3,1,3,1,0,0.09312489510029755,2777
0,4,3,2,2,1,3,0,0,0.798627491572014,16,-0.3658357894057197,0.9680967237216274,2,4,-0.675916292609615,-0.6312746920688994,14,5,3,0,2,2,0,0,0.010772913534217079,1401
1,3,2,7,0,1,3,1,0,-0.6256763150532338,16,-0.3658357894057197,-0.4199511630781428,0,2,-0.675916292609615,-0.8868350673441897,12,4,2,3,2,2,0,0,0.019403926694106774,2220
0,1,6,14,0,0,0,0,0,1.5107793948846377,3,-0.3658357894057197,-1.0043923785727829,2,3,-0.5573179736167011,-0.5290505419587833,14,4,3,3,3,3,0,0,0.0036667706561333093,2566
1,0,2,15,2,0,0,1,0,0.798627491572014,3,-0.9747566542025582,-0.34689601114131274,4,4,-1.3282070470706417,-1.3979558178947702,12,5,2,3,4,3,0,0,0.00444170781826555,1141
1,0,2,15,2,2,4,0,1,0.08647558825939006,4,1.4609268049847957,-0.8582820746991228,0,2,1.3995542897663786,1.3109841600233068,11,4,3,0,2,1,0,0,0.012162455937784441,1841
1,4,6,14,0,1,3,0,0,0.798627491572014,16,0.8520059401879573,1.1142070275952873,4,4,0.6286652163124382,0.8509754845277843,15,4,0,0,3,1,0,0,0.0030597248907906134,1373
0,1,0,4,2,2,4,1,0,0.08647558825939006,15,-0.3658357894057197,-0.7852269227622928,4,3,-0.6166171331131581,-0.7846109172340736,12,3,3,3,3,2,0,0,0.003483772360629704,1463
0,0,6,14,0,0,0,1,0,-1.3378282183658576,3,1.4609268049847957,0.3836555082269873,4,3,1.2216568112770079,1.0554237847480163,14,4,3,0,3,2,0,0,0.0013404892213268532,1985
1,2,0,1,2,1,3,1,0,0.798627491572014,1,0.8520059401879573,0.8950415717847974,3,3,0.6879643758088951,0.595415109252494,8,4,3,0,3,2,0,0,0.0037635409523889022,1661
1,0,3,9,0,2,4,0,1,0.798627491572014,0,-0.3658357894057197,0.16449005241649728,3,2,-0.675916292609615,-0.6312746920688994,10,5,2,2,2,3,0,0,0.01943804966968426,1528
0,0,2,7,0,2,4,0,0,-0.6256763150532338,15,0.2430850753911188,0.01837974854283726,2,3,-1.9211986420352114,-1.9090765684453508,3,5,2,2,2,0,1,1,0.9835452612506955,2654
1,0,1,5,3,1,3,1,0,1.5107793948846377,13,0.8520059401879573,-1.734943897941083,4,2,0.5100668973195243,0.8509754845277843,8,4,3,3,3,1,0,0,0.0030389647982110844,1967
0,0,6,14,0,0,2,0,1,0.08647558825939006,11,0.8520059401879573,0.09143490047966726,0,3,0.6286652163124382,0.4931909591423778,10,5,0,0,2,1,0,0,0.008257642045258664,2481
1,4,2,15,2,1,3,0,0,-0.6256763150532338,16,0.2430850753911188,-1.0774475305096127,3,3,-0.02362553814858843,0.033182283646855305,10,5,3,3,2,1,0,0,0.024098695791173113,2164
0,0,0,4,2,2,4,0,1,-1.3378282183658576,15,-0.3658357894057197,0.23754520435332727,4,2,-0.675916292609615,-0.7334988421790155,6,3,2,3,2,1,0,0,0.06517309006154734,1283
1,0,4,8,1,0,0,1,0,1.5107793948846377,3,-0.9747566542025582,-1.369668138256933,3,2,-1.1503095685812708,-1.2957316677846542,11,3,2,2,2,2,0,0,0.10857949741647627,1390
1,0,4,10,0,1,3,0,1,-1.3378282183658576,16,-0.9747566542025582,0.3836555082269873,4,3,-1.2096087280777277,-1.091283367564422,10,3,2,2,3,4,0,0,0.010741480737674423,2444
1,1,5,12,1,1,1,0,0,0.798627491572014,8,-0.3658357894057197,0.9680967237216274,4,2,-0.794514611602529,-0.5290505419587833,7,3,2,2,4,2,0,0,0.0028339270510936584,2642
0,0,2,7,0,0,0,1,0,0.798627491572014,2,-0.3658357894057197,-0.34689601114131274,4,2,-0.675916292609615,-0.8868350673441897,15,3,3,3,3,2,0,0,0.006786663623684842,1001
0,2,1,6,2,1,3,1,0,1.5107793948846377,16,0.2430850753911188,1.4794827872794374,3,4,0.6879643758088951,0.646527184307552,16,4,3,0,2,1,1,1,0.637424961717063,2071
1,4,0,4,2,1,1,0,0,1.5107793948846377,7,0.2430850753911188,-0.6391166188886328,4,2,0.21357109983723943,0.28874265892214557,12,3,2,3,2,2,0,0,0.21175303032939882,1651
1,4,3,9,0,2,4,1,1,0.08647558825939006,15,-0.9747566542025582,-0.4199511630781428,3,3,-1.2689078875741846,-1.2957316677846542,8,4,2,3,3,1,0,0,0.00997549381629158,1465
2,4,3,2,2,0,2,0,0,1.5107793948846377,6,-0.3658357894057197,-0.054675403393992746,4,3,-0.675916292609615,-0.7846109172340736,9,4,3,3,3,3,0,0,0.009250148370412879,1655
1,2,4,10,0,2,4,1,0,-0.6256763150532338,9,-0.3658357894057197,1.1872621795321174,4,3,-0.5573179736167011,-0.6312746920688994,14,3,3,3,2,1,0,0,0.04980191760254818,1116
1,3,4,10,0,2,4,0,1,1.5107793948846377,15,1.4609268049847957,0.23754520435332727,3,4,1.1030584922840938,1.0043117096929584,10,5,0,0,3,1,0,0,0.0019814668348104732,1825
0,1,6,14,0,0,2,1,0,-0.6256763150532338,11,1.4609268049847957,-1.5157784421305929,3,3,1.4588534492628358,1.464320385188481,8,4,0,0,3,1,0,0,0.005583868599134165,1202
1,3,2,3,1,0,2,1,0,0.798627491572014,6,-0.3658357894057197,-1.734943897941083,0,3,-0.735215452106072,-0.7846109172340736,9,5,2,3,1,3,0,0,0.04030469781141401,1031
0,1,3,9,0,0,0,1,0,-0.6256763150532338,3,-0.9747566542025582,-0.7852269227622928,3,2,-1.3282070470706417,-1.2957316677846542,14,3,2,2,1,3,0,0,0.1049681517665145,1443
1,3,1,5,3,1,3,1,0,-1.3378282183658576,13,0.8520059401879573,1.2603173314689473,2,3,0.5100668973195243,0.595415109252494,9,4,3,0,3,2,0,0,0.002033203269983126,2039
2,4,2,15,2,1,3,0,0,-1.3378282183658576,16,-2.192598383796235,-1.0043923785727829,3,4,2.0518450442274054,1.6687686854087131,11,4,1,1,4,1,1,1,0.9967475928961418,2083
1,2,5,12,1,0,0,0,0,0.08647558825939006,3,0.8520059401879573,-1.0774475305096127,3,3,0.6879643758088951,0.6976392593626101,8,4,0,0,3,2,0,0,0.0034007017218936216,2246
0,0,5,11,1,1,1,1,1,-0.6256763150532338,7,-0.9747566542025582,-0.9313372266359529,4,2,-1.2689078875741846,-1.193507517674538,15,4,2,2,2,2,0,0,0.020209782909229288,1294
2,4,0,1,2,0,0,1,0,0.798627491572014,3,-0.3658357894057197,0.8950415717847974,3,4,-0.735215452106072,-0.5801626170138414,10,5,3,3,2,1,0,0,0.017553916883415708,2319
1,2,2,15,2,1,3,0,0,0.798627491572014,16,1.4609268049847957,0.7489312679111373,4,2,1.6367509277522065,1.515432460243539,6,4,3,0,3,2,0,0,0.06858375264879212,2477
1,2,4,8,1,1,1,0,0,0.798627491572014,7,0.8520059401879573,-0.6391166188886328,4,4,0.5693660568159812,0.595415109252494,9,5,0,0,2,1,0,0,0.010988466186273478,2324
0,1,0,4,2,1,1,1,0,-0.6256763150532338,7,-0.3658357894057197,-0.20078570726765277,2,2,-0.6166171331131581,-0.6312746920688994,6,4,2,3,4,1,0,0,0.003817247235834163,1526
0,3,2,15,2,1,3,0,0,1.5107793948846377,16,1.4609268049847957,-1.0043923785727829,2,3,1.162357651780551,0.8509754845277843,7,5,0,0,3,2,0,0,0.0019006668800323565,1730
0,0,1,6,2,0,2,0,0,-0.6256763150532338,10,0.2430850753911188,0.3106003562901573,3,2,0.15427194034078245,0.08429435870191336,11,5,2,3,3,1,0,0,0.005225268487682632,2694
0,1,6,0,2,2,4,1,0,-0.6256763150532338,15,-2.192598383796235,-0.4930063150149728,0,2,0.6286652163124382,0.5443030341974359,12,3,3,3,2,4,1,1,0.9982772450555675,2075
1,2,4,10,0,0,2,0,0,0.08647558825939006,11,0.8520059401879573,0.3836555082269873,1,2,0.5100668973195243,0.595415109252494,14,4,3,3,3,3,0,0,0.0017546226556172753,1600
0,0,2,7,0,1,1,1,0,-1.3378282183658576,7,-0.9747566542025582,-0.27384085920448276,1,2,-1.3282070470706417,-1.2957316677846542,14,2,2,2,2,1,0,0,0.0682194168697395,2719
1,2,5,12,1,1,3,1,0,0.08647558825939006,16,0.8520059401879573,1.1872621795321174,4,2,0.4507677378230673,0.5443030341974359,8,3,3,3,3,1,0,0,0.004365641826581606,1995
0,3,2,15,2,2,4,1,0,0.798627491572014,15,0.8520059401879573,-1.5157784421305929,0,2,0.3914685783266103,0.6976392593626101,12,4,3,3,2,1,0,0,0.010211642269382424,1040
0,1,2,15,2,1,3,0,0,0.08647558825939006,16,0.2430850753911188,1.3333724834057774,4,2,0.0949727808443255,0.08429435870191336,16,3,3,3,2,1,0,0,0.03802976170481994,2649
1,3,0,1,2,0,0,0,1,0.08647558825939006,3,1.4609268049847957,1.1142070275952873,0,2,1.1030584922840938,0.9531996346379004,12,4,3,0,2,3,0,0,0.007505365172949589,2433
0,2,2,15,2,0,0,1,0,-1.3378282183658576,3,-2.192598383796235,-0.5660614669518028,3,3,1.9332467252344914,1.7709928355188294,14,3,1,1,4,1,1,1,0.9978400272123672,1662
0,2,1,6,2,1,1,0,0,-0.6256763150532338,7,-0.9747566542025582,1.4064276353426073,3,3,-1.2689078875741846,-1.2446195927295962,7,5,2,3,4,3,0,0,0.00419156365042542,1081
0,4,2,15,2,1,1,1,0,-1.3378282183658576,8,0.2430850753911188,-1.223557834383273,4,3,0.0949727808443255,0.13540643375697142,15,5,3,3,3,1,0,0,0.004757425825667038,2084
1,1,1,6,2,2,4,0,0,-1.3378282183658576,15,0.8520059401879573,-0.5660614669518028,0,2,0.5693660568159812,0.7998634094727262,10,3,2,3,3,1,0,0,0.0019079756887695608,1102
1,3,6,14,0,1,1,1,1,1.5107793948846377,7,1.4609268049847957,-0.27384085920448276,0,2,1.2216568112770079,1.2598720849682488,12,4,3,3,3,1,0,0,0.0016136279407371445,1816
0,4,6,14,0,2,4,0,1,0.798627491572014,15,1.4609268049847957,-0.9313372266359529,0,3,1.162357651780551,1.3620962350783647,16,4,3,0,3,2,0,0,0.004016817914848329,1447
0,3,1,6,2,0,0,1,0,0.08647558825939006,3,1.4609268049847957,-1.223557834383273,3,2,1.2216568112770079,1.4132083101334227,11,4,3,3,2,4,0,0,0.04283464826446623,2390
1,4,2,15,2,0,0,0,0,-1.3378282183658576,3,0.2430850753911188,-0.8582820746991228,0,3,0.0949727808443255,0.13540643375697142,8,5,3,3,2,2,0,0,0.08686402761409921,2513
0,3,3,9,0,1,3,0,0,0.08647558825939006,5,0.8520059401879573,0.5297658121006473,3,2,0.6286652163124382,0.9531996346379004,8,4,3,3,2,1,0,0,0.027872012865303407,1620
1,2,3,9,0,0,0,0,1,0.08647558825939006,3,0.8520059401879573,-1.223557834383273,3,3,0.6286652163124382,0.646527184307552,11,4,3,0,3,2,0,0,0.0020207971566554798,1336
1,2,6,14,0,0,0,0,0,1.5107793948846377,2,-0.3658357894057197,-0.6391166188886328,2,3,-0.735215452106072,-0.6312746920688994,7,5,3,3,3,4,0,0,0.006214765679342726,2258
1,2,0,4,2,1,3,0,1,-0.6256763150532338,1,-0.9747566542025582,-0.7121717708254628,4,3,-1.2096087280777277,-1.2957316677846542,11,3,2,2,3,1,0,0,0.017128283349178486,2266
0,0,6,14,0,1,1,1,0,-1.3378282183658576,7,0.2430850753911188,1.5525379392162675,3,2,-0.14222385714150237,-0.22237809162843497,5,4,3,3,3,2,0,0,0.0014137120073220422,2253
1,3,6,14,0,2,4,0,0,0.798627491572014,15,-0.9747566542025582,0.3106003562901573,0,1,-1.3875062065670987,-1.4490678929498284,10,3,2,2,3,1,0,0,0.005679817159676162,2725
0,4,6,13,1,1,3,0,1,0.08647558825939006,5,0.2430850753911188,0.3106003562901573,3,3,0.15427194034078245,-0.12015394151831886,12,4,3,0,2,2,0,0,0.025529530034884285,2366
0,0,1,5,3,0,2,0,0,-1.3378282183658576,11,-0.3658357894057197,0.4567106601638173,3,3,-0.735215452106072,-0.7846109172340736,11,4,3,3,2,1,0,0,0.035623979844951845,2263
1,3,1,5,3,0,2,0,0,-0.6256763150532338,11,1.4609268049847957,-1.1505026824464428,2,2,1.2809559707734648,1.566544535298597,11,4,3,3,2,2,0,0,0.04149866331780708,1433
0,4,4,10,0,1,1,1,0,0.08647558825939006,7,0.8520059401879573,-1.369668138256933,0,3,0.5693660568159812,0.4931909591423778,10,4,3,0,3,1,0,0,0.0023088868845932598,2119
0,2,3,9,0,0,2,1,0,0.798627491572014,11,-0.9747566542025582,1.4064276353426073,0,3,-1.2689078875741846,-1.091283367564422,10,5,2,2,2,4,0,0,0.0169292046752575,2229
1,1,5,12,1,2,4,0,0,-1.3378282183658576,15,0.8520059401879573,1.4794827872794374,4,2,0.5693660568159812,0.595415109252494,9,4,3,3,3,1,0,0,0.001431128959229978,2308
1,2,0,4,2,0,0,1,1,-1.3378282183658576,2,1.4609268049847957,-1.4427232901937628,4,3,1.162357651780551,1.0043117096929584,14,5,3,0,3,4,0,0,0.0016746288075706,1922
0,0,2,7,0,0,0,0,1,-0.6256763150532338,3,-0.3658357894057197,-0.8582820746991228,2,2,-0.675916292609615,-0.4268263918486672,13,4,2,2,2,1,0,0,0.03372242503831079,1632
0,0,6,0,2,0,0,1,0,0.08647558825939006,3,-2.192598383796235,1.6255930911530974,3,3,-1.3282070470706417,-1.3979558178947702,13,3,2,2,2,2,1,1,0.9305402882269233,2760
0,3,5,12,1,1,1,1,1,-0.6256763150532338,7,0.8520059401879573,-0.8582820746991228,4,2,0.7472635353053522,1.0554237847480163,11,4,3,3,3,2,0,0,0.0015479135817392858,1284
1,1,3,2,2,2,4,1,0,0.08647558825939006,15,1.4609268049847957,0.9680967237216274,2,3,1.1030584922840938,1.0043117096929584,12,4,3,0,2,1,0,0,0.005390471131455662,1304
0,1,0,4,2,2,4,0,1,0.08647558825939006,9,0.8520059401879573,1.4794827872794374,3,3,0.4507677378230673,0.44207888408731977,9,5,3,0,2,1,0,0,0.012338370509682771,2103
1,2,2,15,2,2,4,1,0,0.798627491572014,15,-0.9747566542025582,1.4794827872794374,4,1,-1.3875062065670987,-1.5512920430599444,3,3,2,2,2,4,0,0,0.027991841122464077,2425
0,1,2,15,2,1,1,1,0,0.08647558825939006,7,0.2430850753911188,0.8950415717847974,0,2,0.0949727808443255,0.033182283646855305,14,5,2,3,3,2,0,0,0.0015382226328297076,1743
0,4,2,7,0,1,1,0,0,1.5107793948846377,12,-0.3658357894057197,-0.6391166188886328,3,1,-0.5573179736167011,-0.5290505419587833,8,2,2,2,1,2,0,0,0.4041675798027725,1041
0,2,2,7,0,0,2,0,0,1.5107793948846377,6,1.4609268049847957,0.6758761159743073,3,2,1.2809559707734648,1.566544535298597,12,4,3,3,2,2,0,0,0.0230900797920189,1820
1,1,3,2,2,1,1,1,0,0.798627491572014,7,-0.3658357894057197,1.3333724834057774,3,3,-0.5573179736167011,-0.5290505419587833,14,5,3,3,3,1,0,0,0.001798676629357797,1059
0,0,2,15,2,1,1,1,0,-1.3378282183658576,8,-0.3658357894057197,-0.34689601114131274,4,3,-0.735215452106072,-0.7846109172340736,12,4,3,3,2,2,0,0,0.011295781399247726,1764
0,4,6,14,0,1,1,0,0,0.08647558825939006,7,0.8520059401879573,-1.0774475305096127,0,3,0.8065626948018091,0.6976392593626101,11,3,3,0,3,1,0,0,0.005601784103705544,1256
1,3,4,10,0,1,1,1,0,0.08647558825939006,7,-0.3658357894057197,0.6028209640374773,2,3,-0.5573179736167011,-0.6312746920688994,9,5,3,3,2,1,0,0,0.028330239609473187,1888
0,2,1,5,3,0,2,0,0,0.08647558825939006,11,0.2430850753911188,-1.1505026824464428,3,2,-0.0829246976450454,-0.01792979140820275,17,3,3,3,2,1,0,0,0.12910737314691692,1699
1,2,2,15,2,2,4,1,0,1.5107793948846377,15,-0.3658357894057197,0.6758761159743073,3,3,-0.735215452106072,-0.8868350673441897,6,4,3,3,2,1,0,0,0.024585178409255413,2638
1,2,5,12,1,1,1,1,0,1.5107793948846377,8,-0.9747566542025582,-1.5888335940674227,3,3,-0.5573179736167011,-0.47793846690372527,6,5,3,3,2,3,0,0,0.44354964746808134,1557
0,0,1,6,2,1,1,1,1,0.08647558825939006,7,0.8520059401879573,1.6255930911530974,2,3,0.5693660568159812,0.9020875595828423,10,4,3,0,3,1,0,0,0.0013650964835314747,1603
0,3,2,7,0,0,0,0,0,-1.3378282183658576,3,0.8520059401879573,0.8219864198479673,3,3,0.5693660568159812,0.6976392593626101,9,5,3,0,3,4,0,0,0.0017738476259537416,1436
0,1,2,15,2,1,3,1,1,-0.6256763150532338,16,-0.9747566542025582,-1.2966129863201028,2,4,-1.2096087280777277,-1.3979558178947702,12,3,3,3,2,1,0,0,0.03411842589915166,1536
0,3,6,13,1,2,4,0,0,-0.6256763150532338,4,1.4609268049847957,-1.369668138256933,3,3,1.2216568112770079,1.3620962350783647,13,4,0,0,2,1,0,0,0.025068291988468744,1676
1,4,5,11,1,1,1,0,0,-1.3378282183658576,12,-0.3658357894057197,-1.6618887460042528,2,2,-0.6166171331131581,-0.47793846690372527,10,5,2,3,3,0,0,0,0.007254467916969831,1120
0,4,1,6,2,0,0,1,0,0.08647558825939006,3,-0.9747566542025582,-1.734943897941083,3,3,-1.3282070470706417,-1.3468437428397122,10,4,2,2,1,4,0,0,0.19760413726556933,2751
0,2,3,2,2,2,4,1,1,0.08647558825939006,15,1.4609268049847957,1.5525379392162675,0,2,1.1030584922840938,1.0043117096929584,11,4,3,0,2,4,0,0,0.004336700985969715,2472
1,4,0,4,2,0,2,1,1,-0.6256763150532338,11,0.8520059401879573,1.6986482430899275,3,3,1.1030584922840938,1.1576479348581326,14,5,3,0,3,1,0,0,0.0020871215265726626,1775
0,2,2,15,2,0,0,0,0,-0.6256763150532338,3,0.8520059401879573,0.5297658121006473,3,3,0.6879643758088951,0.4931909591423778,8,4,3,0,3,1,0,0,0.002803766921128794,2647
1,0,6,13,1,0,0,0,0,1.5107793948846377,3,0.2430850753911188,-0.8582820746991228,4,3,-0.0829246976450454,-0.12015394151831886,14,4,3,0,3,3,0,0,0.004863773446000964,1762
2,3,3,9,0,0,2,0,0,-1.3378282183658576,6,-0.9747566542025582,-1.2966129863201028,3,2,-0.5573179736167011,-0.6823867671239575,10,4,3,3,3,2,0,0,0.20574709700354232,1369
1,0,5,12,1,2,4,1,0,0.798627491572014,15,1.4609268049847957,-1.734943897941083,3,3,1.2809559707734648,1.566544535298597,12,4,0,0,4,1,0,0,0.004283455963877011,1170
0,4,6,14,0,2,4,1,0,1.5107793948846377,15,-0.3658357894057197,1.1872621795321174,3,2,-0.6166171331131581,-0.7334988421790155,14,5,2,3,3,2,0,0,0.0037565796057993273,2037
1,0,5,12,1,1,3,0,0,-0.6256763150532338,16,-0.9747566542025582,-0.9313372266359529,4,3,0.5100668973195243,0.595415109252494,9,5,3,0,2,1,1,1,0.938098346186796,2749
1,4,5,11,1,2,4,1,0,0.798627491572014,15,-0.9747566542025582,1.4794827872794374,4,3,-1.2096087280777277,-1.091283367564422,9,5,2,2,3,0,0,0,0.011869764014484417,1855
1,2,2,15,2,0,0,0,0,0.798627491572014,3,-0.9747566542025582,0.09143490047966726,3,2,-1.8618994825387543,-1.9090765684453508,3,4,2,2,4,0,1,1,0.9326479853071746,2159
0,2,0,4,2,0,0,0,1,-0.6256763150532338,3,0.2430850753911188,1.6255930911530974,0,3,0.035673621347868535,0.033182283646855305,12,5,3,0,3,1,0,0,0.0021721526034001364,1564
1,2,5,11,1,0,0,1,0,-1.3378282183658576,3,-0.9747566542025582,-0.9313372266359529,3,4,-1.3875062065670987,-1.4490678929498284,13,5,2,3,2,4,0,0,0.030664532423359578,1271
1,2,0,4,2,1,1,0,0,0.798627491572014,7,-0.3658357894057197,0.01837974854283726,2,4,-0.6166171331131581,-0.5290505419587833,13,4,3,0,3,1,0,0,0.00310252482191833,2268
0,2,2,15,2,1,1,1,0,-0.6256763150532338,12,0.8520059401879573,0.4567106601638173,3,3,0.5100668973195243,0.33985473397720367,7,4,3,0,2,2,0,0,0.009764522365889506,1731
2,3,2,7,0,2,4,0,0,0.08647558825939006,15,0.2430850753911188,-1.4427232901937628,3,3,0.0949727808443255,0.08429435870191336,13,4,3,0,3,1,0,0,0.004019840511924462,1559
0,2,0,1,2,2,4,1,0,-0.6256763150532338,15,1.4609268049847957,1.2603173314689473,2,3,1.3402551302699217,1.6176566103536552,13,4,3,0,3,1,0,0,0.0034810264436818776,2125
1,3,4,8,1,1,3,1,1,0.798627491572014,16,-0.9747566542025582,-0.27384085920448276,0,3,-0.675916292609615,-0.5801626170138414,12,5,3,3,2,4,0,0,0.2736598605054884,1590
0,3,2,7,0,2,4,1,0,0.798627491572014,14,0.8520059401879573,-0.6391166188886328,4,3,0.7472635353053522,0.6976392593626101,12,3,3,0,3,4,0,0,0.003081027212365027,1969
1,2,2,3,1,1,3,0,1,1.5107793948846377,16,-2.192598383796235,-1.223557834383273,0,4,2.2297425227167764,1.8732169856289453,12,3,1,0,4,1,1,1,0.9955011462264081,2205
0,3,4,8,1,2,4,1,0,0.798627491572014,15,-0.3658357894057197,-1.5157784421305929,0,3,-0.675916292609615,-0.5801626170138414,16,5,2,3,3,2,0,0,0.0028333799142421933,2342
0,2,6,14,0,2,4,0,0,-1.3378282183658576,15,1.4609268049847957,1.5525379392162675,2,2,1.162357651780551,0.9020875595828423,13,4,3,3,2,4,0,0,0.00734508285026886,1637
0,0,2,15,2,0,2,1,0,-1.3378282183658576,11,-0.9747566542025582,-0.7121717708254628,2,3,-1.2689078875741846,-1.3468437428397122,15,5,2,3,4,4,0,0,0.004112699872795494,1209
0,1,5,12,1,0,2,0,0,-0.6256763150532338,11,0.8520059401879573,1.0411518756584572,0,2,0.7472635353053522,0.9020875595828423,16,4,3,3,3,1,0,0,0.001542279638877862,1289
1,1,4,10,0,1,1,0,0,1.5107793948846377,7,1.4609268049847957,0.09143490047966726,4,3,1.162357651780551,1.2087600099131905,14,5,3,0,3,2,0,0,0.001448941834721259,1105
1,2,6,0,2,0,2,0,0,-0.6256763150532338,6,-0.9747566542025582,-0.6391166188886328,4,3,-1.2689078875741846,-1.2446195927295962,14,4,2,2,3,2,0,0,0.08046803948031299,1237
1,0,2,15,2,1,3,0,0,-0.6256763150532338,5,0.2430850753911188,0.5297658121006473,3,2,0.035673621347868535,-0.01792979140820275,12,4,2,3,3,4,0,0,0.002235698576508892,1578
1,1,2,3,1,0,2,1,1,0.08647558825939006,11,-0.3658357894057197,0.23754520435332727,3,3,-0.675916292609615,-0.6823867671239575,11,4,3,3,3,2,0,0,0.004162518537682622,2758
1,4,6,0,2,1,3,1,0,-1.3378282183658576,16,-0.9747566542025582,-0.12773055533082275,0,2,-1.2689078875741846,-1.2446195927295962,17,5,2,2,3,1,0,0,0.06427324008153495,1023
0,0,4,10,0,0,0,1,0,0.08647558825939006,3,-0.9747566542025582,1.7717033950267573,4,2,-1.2689078875741846,-1.2957316677846542,7,5,2,2,2,3,0,0,0.010440495765499458,1205
1,0,2,15,2,0,2,1,0,-1.3378282183658576,6,1.4609268049847957,0.01837974854283726,3,2,1.2809559707734648,1.2087600099131905,10,4,3,0,3,2,0,0,0.0018023966436623328,2681
0,3,6,14,0,2,4,0,0,0.08647558825939006,15,-2.192598383796235,-0.12773055533082275,2,4,2.822734117681346,2.435449811234584,12,3,4,1,3,2,1,1,0.9960693327018627,1665
1,1,6,14,0,0,0,0,0,0.08647558825939006,3,0.8520059401879573,1.0411518756584572,3,3,0.7472635353053522,0.7487513344176681,12,4,3,0,3,1,0,0,0.0014544158984216712,2673
1,2,0,4,2,2,4,0,0,1.5107793948846377,15,0.2430850753911188,1.2603173314689473,3,2,-0.02362553814858843,-0.22237809162843497,13,3,2,3,2,2,0,0,0.042699401133222514,2247
0,4,4,8,1,1,3,0,0,1.5107793948846377,16,0.2430850753911188,0.5297658121006473,3,3,-0.14222385714150237,-0.37571431679360917,7,5,3,0,4,1,0,0,0.003824474437174776,2117
0,3,3,2,2,1,1,1,0,0.08647558825939006,7,-0.3658357894057197,1.6255930911530974,3,2,-0.6166171331131581,-0.6823867671239575,9,4,2,3,3,1,0,0,0.002259452476300102,2385
1,2,4,8,1,0,2,0,0,1.5107793948846377,11,0.2430850753911188,-1.223557834383273,2,4,-0.02362553814858843,0.08429435870191336,7,3,3,0,3,4,0,0,0.017412618677476815,2098
1,1,4,10,0,0,2,1,0,-1.3378282183658576,11,0.8520059401879573,-1.0774475305096127,3,2,0.5693660568159812,0.7487513344176681,12,3,3,3,3,1,0,0,0.002694267556231193,2467
1,4,2,15,2,1,3,1,0,-1.3378282183658576,16,1.4609268049847957,0.09143490047966726,4,3,1.2809559707734648,1.1065358598030746,12,4,0,0,2,2,0,0,0.014756278101940133,1629
1,0,1,6,2,1,3,0,0,-0.6256763150532338,16,-1.5836775189993966,1.6986482430899275,3,3,1.8739475657380344,1.8221049105738873,12,4,1,1,4,2,1,1,0.9931681075817645,1829
1,1,0,1,2,0,2,0,1,1.5107793948846377,11,-0.9747566542025582,-1.1505026824464428,3,4,-1.2689078875741846,-1.2957316677846542,12,4,3,3,3,1,0,0,0.005519307705268304,2499
1,1,4,10,0,1,1,1,0,0.08647558825939006,7,-0.3658357894057197,-0.12773055533082275,3,3,-0.675916292609615,-0.6312746920688994,6,4,2,3,3,2,0,0,0.0034169249211931205,2009
2,4,2,7,0,2,4,0,0,0.08647558825939006,15,-1.5836775189993966,0.9680967237216274,4,4,1.9332467252344914,1.464320385188481,9,3,1,1,3,1,1,1,0.9981564406219988,1020
0,1,3,9,0,2,4,0,1,-0.6256763150532338,15,1.4609268049847957,1.3333724834057774,1,2,1.2809559707734648,1.3620962350783647,12,5,3,0,2,2,0,0,0.015286863319261542,1608
0,3,4,10,0,2,4,0,0,0.08647558825939006,15,1.4609268049847957,0.9680967237216274,0,4,1.3402551302699217,1.2598720849682488,12,4,0,0,3,1,0,0,0.0020598849384394348,1576
1,1,4,8,1,2,4,0,0,1.5107793948846377,15,-0.3658357894057197,1.5525379392162675,3,4,1.9332467252344914,1.8732169856289453,9,3,3,0,3,1,1,1,0.9573045137333087,1835
1,4,4,10,0,1,3,0,0,1.5107793948846377,16,0.8520059401879573,0.7489312679111373,2,3,0.5693660568159812,0.6976392593626101,14,5,0,0,2,2,0,0,0.016583910419640416,1082
1,1,2,15,2,0,0,1,0,0.798627491572014,3,0.2430850753911188,0.09143490047966726,4,3,-0.0829246976450454,0.18651850881202947,11,5,3,3,2,4,0,0,0.03445694598561158,1580
0,3,5,12,1,1,1,1,0,0.08647558825939006,8,0.2430850753911188,-0.4199511630781428,4,3,0.0949727808443255,-0.01792979140820275,14,4,3,0,3,2,0,0,0.0023551812061479898,1052
0,1,6,14,0,0,2,1,0,0.08647558825939006,11,-0.9747566542025582,-0.9313372266359529,0,2,-1.3282070470706417,-1.4490678929498284,7,4,2,2,3,2,0,0,0.008819079191676644,1260
0,0,1,6,2,0,0,0,0,0.798627491572014,3,0.8520059401879573,1.4794827872794374,2,3,0.6286652163124382,0.5443030341974359,7,4,3,0,3,1,0,0,0.001717097292746525,2612
1,1,5,11,1,0,0,1,0,1.5107793948846377,3,-0.3658357894057197,-0.20078570726765277,3,3,-0.735215452106072,-0.7846109172340736,18,5,3,3,2,2,0,0,0.038253876610530924,2468
1,4,0,4,2,1,3,0,0,0.798627491572014,13,-0.3658357894057197,-1.5888335940674227,4,3,-0.735215452106072,-0.7846109172340736,13,3,2,3,3,1,0,0,0.031729056141679805,1397
0,0,2,15,2,2,4,1,0,0.08647558825939006,9,0.8520059401879573,0.6028209640374773,3,2,0.5100668973195243,0.4931909591423778,15,5,2,3,3,2,0,0,0.00152302185056555,1869
1,1,1,6,2,1,1,0,0,0.08647558825939006,7,1.4609268049847957,-1.0774475305096127,2,3,1.3402551302699217,1.1576479348581326,11,4,0,0,3,1,0,0,0.002214604302904894,1454
0,0,2,7,0,1,1,0,0,-0.6256763150532338,7,0.2430850753911188,0.5297658121006473,3,4,-0.14222385714150237,-0.22237809162843497,9,5,0,0,2,2,0,0,0.01616997337890149,1656
1,2,6,13,1,2,4,0,0,-1.3378282183658576,15,-0.9747566542025582,-0.054675403393992746,3,1,-1.3875062065670987,-1.091283367564422,19,4,2,2,3,2,0,0,0.003354185951859954,2115
1,0,0,1,2,1,3,0,1,-1.3378282183658576,5,-0.3658357894057197,-0.27384085920448276,4,2,-0.6166171331131581,-0.5801626170138414,16,4,2,2,2,4,0,0,0.01898290222237886,2494
1,3,0,1,2,2,4,0,0,0.08647558825939006,15,-0.9747566542025582,0.01837974854283726,4,2,-1.3875062065670987,-1.0401712925093638,12,3,2,2,3,4,0,0,0.009105056335479693,2294
1,0,6,14,0,2,4,0,0,-1.3378282183658576,4,0.8520059401879573,-0.4930063150149728,4,3,1.2809559707734648,1.3109841600233068,12,4,0,0,2,2,0,0,0.008550217631021127,1684
0,1,5,11,1,2,4,1,0,0.798627491572014,15,0.2430850753911188,-0.9313372266359529,1,4,-0.02362553814858843,-0.273490166683493,10,5,0,0,3,2,0,0,0.00435514536835084,1050
1,4,2,7,0,0,2,0,0,-0.6256763150532338,11,-0.3658357894057197,0.9680967237216274,4,3,-0.5573179736167011,-0.6312746920688994,12,4,3,3,4,2,0,0,0.004814435577562884,1095
1,3,5,12,1,0,0,0,0,0.08647558825939006,3,-0.3658357894057197,-1.0774475305096127,3,2,-0.735215452106072,-0.6823867671239575,12,4,2,3,2,2,0,0,0.027094688945717916,2648
0,0,2,15,2,0,0,1,0,-0.6256763150532338,3,-0.9747566542025582,-0.7121717708254628,3,3,0.6286652163124382,0.4931909591423778,9,5,0,0,1,1,1,1,0.9908744894212026,1645
1,2,4,8,1,0,0,0,0,-1.3378282183658576,3,0.2430850753911188,0.09143490047966726,4,3,-0.0829246976450454,-0.06904186646326081,12,3,3,3,4,4,0,0,0.0043203008841160104,1300
2,2,0,1,2,0,0,0,0,1.5107793948846377,3,-0.3658357894057197,-0.9313372266359529,2,3,-0.5573179736167011,-0.5290505419587833,16,3,3,3,4,2,0,0,0.007800568599793265,2136
0,2,6,0,2,0,2,1,1,0.08647558825939006,11,-1.5836775189993966,-0.7121717708254628,4,3,-1.3282070470706417,-1.2957316677846542,15,4,2,2,3,4,0,1,0.8791310114088547,2377
1,0,4,8,1,0,2,1,0,-1.3378282183658576,11,0.2430850753911188,-1.5157784421305929,2,2,-0.675916292609615,-0.5801626170138414,10,2,2,2,2,2,1,0,0.24650693520591213,2611
0,4,5,12,1,0,0,1,1,-1.3378282183658576,3,-0.3658357894057197,-0.27384085920448276,4,3,1.8739475657380344,1.9754411357390615,13,3,4,0,3,1,1,1,0.9852117679128052,2293
0,1,3,9,0,1,1,1,0,0.798627491572014,7,1.4609268049847957,-1.0043923785727829,3,3,1.1030584922840938,1.0043117096929584,15,5,0,0,3,1,0,0,0.0021613102209537783,2716
0,2,2,15,2,1,3,0,0,0.08647558825939006,16,-0.3658357894057197,1.7717033950267573,3,2,-0.675916292609615,-0.5290505419587833,9,4,2,3,3,2,0,0,0.0018582557479690013,2174
0,2,1,5,3,0,2,1,1,-1.3378282183658576,6,-0.9747566542025582,0.01837974854283726,3,3,-1.2689078875741846,-1.3468437428397122,18,5,2,3,3,4,0,0,0.008028912118953582,2454
0,2,2,7,0,1,1,0,0,-0.6256763150532338,7,0.8520059401879573,0.8219864198479673,1,2,0.6879643758088951,0.6976392593626101,11,3,3,0,3,2,0,0,0.0019331103964017032,1886
1,4,5,11,1,1,1,0,0,-1.3378282183658576,7,-0.9747566542025582,-0.20078570726765277,4,3,-1.2096087280777277,-1.193507517674538,14,4,2,3,3,2,0,0,0.012579776530082003,1920
0,2,6,14,0,2,4,1,0,1.5107793948846377,4,-0.3658357894057197,0.3106003562901573,2,3,-0.675916292609615,-0.5290505419587833,13,5,2,3,2,2,0,0,0.01727885343130259,1903
1,3,2,15,2,2,4,0,0,-0.6256763150532338,15,0.2430850753911188,-1.0043923785727829,3,4,0.0949727808443255,0.13540643375697142,12,5,3,0,3,2,0,0,0.003905088556319917,1970
1,4,4,10,0,2,4,1,1,-0.6256763150532338,15,0.8520059401879573,-1.2966129863201028,3,3,0.6879643758088951,0.8509754845277843,12,4,3,0,3,1,0,0,0.002451331117545779,2461
0,1,6,14,0,1,3,1,0,0.08647558825939006,16,-0.3658357894057197,-0.7852269227622928,3,3,-0.675916292609615,-0.47793846690372527,11,5,3,3,3,1,0,0,0.0022288484365002694,2470
1,3,2,3,1,2,4,0,0,0.798627491572014,15,-0.3658357894057197,0.16449005241649728,4,2,-0.6166171331131581,-0.7846109172340736,8,3,2,2,3,3,0,0,0.008959818224883906,2538
1,2,3,2,2,1,3,0,0,0.798627491572014,13,0.2430850753911188,-1.5157784421305929,3,3,-0.02362553814858843,-0.01792979140820275,17,4,3,3,2,2,0,0,0.009920702945390922,2359
1,0,1,6,2,0,2,0,0,0.08647558825939006,10,0.8520059401879573,0.7489312679111373,2,2,0.5100668973195243,0.44207888408731977,13,3,3,3,2,2,0,0,0.01847608806689877,2677
0,2,2,15,2,0,2,0,0,-0.6256763150532338,11,0.8520059401879573,0.4567106601638173,3,4,0.865861854298266,0.6976392593626101,14,5,0,0,3,2,0,0,0.0018757731584368223,2389
2,4,3,9,0,1,3,0,0,-1.3378282183658576,16,0.2430850753911188,1.1872621795321174,3,2,0.035673621347868535,-0.06904186646326081,15,4,3,3,3,2,0,0,0.0034260310626372287,1963
0,2,1,6,2,1,1,0,0,-0.6256763150532338,7,-0.3658357894057197,0.9680967237216274,4,4,-0.4980188141202442,-0.4268263918486672,6,4,3,0,2,1,0,0,0.04627825645072778,1846
1,1,2,15,2,2,4,1,0,0.798627491572014,15,-0.3658357894057197,0.23754520435332727,0,3,-0.6166171331131581,-0.5290505419587833,5,3,2,3,2,2,1,0,0.03424001495850873,1889
0,1,2,15,2,0,0,0,0,0.08647558825939006,3,0.8520059401879573,-0.7121717708254628,3,2,0.6286652163124382,0.44207888408731977,9,3,3,0,3,1,0,0,0.004007718499193966,1998
1,2,2,3,1,1,3,1,0,0.08647558825939006,16,-0.9747566542025582,0.6028209640374773,2,4,-1.3282070470706417,-1.2446195927295962,10,4,2,3,3,1,0,0,0.004562848580138057,2485
0,2,5,11,1,1,3,1,0,-0.6256763150532338,16,-0.3658357894057197,1.1142070275952873,0,2,-0.735215452106072,-0.7846109172340736,9,5,2,3,3,3,0,0,0.00397145104489338,1734
0,1,6,14,0,1,1,1,0,0.798627491572014,7,-0.9747566542025582,-0.20078570726765277,3,2,-1.2689078875741846,-1.193507517674538,14,3,2,2,2,2,0,0,0.016571376642236128,1229
0,0,3,9,0,1,3,1,0,-0.6256763150532338,1,-0.9747566542025582,-0.27384085920448276,1,5,-1.2689078875741846,-1.14239544261948,16,4,3,3,3,1,0,0,0.003399151198208226,2771
0,2,6,14,0,1,1,1,0,-0.6256763150532338,7,0.8520059401879573,-1.5888335940674227,4,2,0.5693660568159812,0.595415109252494,11,4,3,3,2,2,0,0,0.010333544037628817,1794
1,0,1,5,3,0,0,0,0,0.798627491572014,3,0.2430850753911188,-1.5157784421305929,4,3,-0.0829246976450454,-0.12015394151831886,13,3,3,3,4,3,0,0,0.004150139637190169,2280
0,2,4,10,0,0,0,0,0,0.798627491572014,3,1.4609268049847957,0.4567106601638173,0,3,1.162357651780551,0.8509754845277843,18,4,0,0,3,4,0,0,0.001607116319775916,2607
1,3,1,5,3,1,1,1,0,0.08647558825939006,7,0.8520059401879573,0.9680967237216274,3,3,0.6286652163124382,1.0043117096929584,7,4,3,0,4,3,0,0,0.0023391148935475218,2080
2,4,1,6,2,2,4,1,0,-0.6256763150532338,15,-0.9747566542025582,-1.0774475305096127,3,5,-1.1503095685812708,-1.193507517674538,9,4,3,3,2,2,0,0,0.0812139084933477,1287
0,3,4,8,1,1,3,1,0,0.08647558825939006,16,0.8520059401879573,-1.5157784421305929,2,3,0.865861854298266,0.8509754845277843,11,4,0,0,2,1,0,0,0.011829065210208259,1719
1,0,0,4,2,1,1,1,0,0.798627491572014,7,-2.192598383796235,-0.7852269227622928,0,4,2.0518450442274054,1.7198807604637711,12,4,0,0,4,2,1,1,0.996168620291483,1487
0,0,5,11,1,1,1,0,0,0.08647558825939006,7,0.2430850753911188,-0.9313372266359529,4,3,0.0949727808443255,0.28874265892214557,8,4,3,0,3,4,0,0,0.011092053444033904,2706
1,1,0,1,2,0,2,0,1,-1.3378282183658576,11,0.8520059401879573,-0.5660614669518028,4,2,0.6879643758088951,0.7998634094727262,6,3,3,3,3,1,0,0,0.003198313179838879,2651
1,1,4,10,0,0,2,1,1,-0.6256763150532338,11,0.2430850753911188,1.6255930911530974,3,2,-0.14222385714150237,-0.06904186646326081,10,4,2,3,3,2,0,0,0.0020786743309745034,1481
1,3,4,10,0,1,1,1,0,0.08647558825939006,8,-1.5836775189993966,-1.0043923785727829,0,3,-1.1503095685812708,-1.091283367564422,1,4,2,3,3,4,0,1,0.9478180367227134,2525
0,4,2,7,0,0,0,1,0,-0.6256763150532338,3,0.2430850753911188,1.4794827872794374,3,3,0.035673621347868535,0.13540643375697142,11,4,3,0,3,4,0,0,0.004588141563027491,2391
1,1,4,8,1,2,4,0,1,0.08647558825939006,9,1.4609268049847957,-1.223557834383273,3,3,1.4588534492628358,1.3109841600233068,12,4,0,0,2,1,0,0,0.015118482603812041,1136
1,1,3,9,0,1,3,1,0,-0.6256763150532338,16,0.8520059401879573,1.4064276353426073,3,2,0.6879643758088951,0.5443030341974359,9,3,3,0,2,2,0,0,0.015282906732495567,1921
0,3,5,11,1,0,2,1,0,0.08647558825939006,6,-0.9747566542025582,0.8950415717847974,4,3,-0.735215452106072,-0.7846109172340736,13,3,3,3,1,3,1,1,0.8381005857482009,1861
0,1,2,15,2,1,1,1,1,-0.6256763150532338,8,0.2430850753911188,-0.4930063150149728,0,3,0.035673621347868535,0.23763058386708755,5,5,3,3,3,1,0,0,0.0033425047081034904,2688
1,0,2,3,1,0,0,0,1,1.5107793948846377,3,0.2430850753911188,-0.4199511630781428,4,3,0.035673621347868535,-0.17126601657337692,8,5,3,3,2,2,0,0,0.023335876923275614,1212
1,2,4,10,0,1,3,1,0,-1.3378282183658576,16,1.4609268049847957,-0.9313372266359529,0,3,1.3402551302699217,1.0043117096929584,11,4,0,0,3,1,0,0,0.0016413822282945242,2195
1,0,6,14,0,2,4,1,0,-0.6256763150532338,15,-0.9747566542025582,1.1872621795321174,4,4,-1.2096087280777277,-1.2957316677846542,11,4,3,3,3,2,1,0,0.005849209415358098,2368
1,0,1,6,2,0,0,1,0,-1.3378282183658576,3,0.8520059401879573,-0.4199511630781428,2,2,0.6879643758088951,0.7487513344176681,10,4,3,3,3,1,0,0,0.0018309356967857145,1768
0,3,4,8,1,0,2,0,0,-1.3378282183658576,6,-0.3658357894057197,-1.734943897941083,2,3,-0.6166171331131581,-0.8357229922891317,8,4,3,3,3,2,0,0,0.009422266632078928,2362
0,1,5,11,1,1,3,0,0,-0.6256763150532338,16,-0.9747566542025582,-1.0774475305096127,3,2,-1.3875062065670987,-1.3979558178947702,2,4,2,2,3,1,0,0,0.00603916204482162,1089
1,3,4,8,1,0,0,0,0,0.08647558825939006,3,0.2430850753911188,0.5297658121006473,2,2,-0.0829246976450454,-0.22237809162843497,11,3,2,3,2,1,0,0,0.042903419621288845,1624
1,4,0,4,2,0,2,1,0,0.08647558825939006,11,0.8520059401879573,-1.223557834383273,4,3,0.5693660568159812,0.4931909591423778,15,4,0,0,4,1,0,0,0.0039409811593959145,2620
0,3,5,11,1,1,1,1,1,1.5107793948846377,7,0.2430850753911188,0.4567106601638173,3,2,-0.20152301663795932,-0.273490166683493,13,3,2,3,3,1,0,0,0.004320325283966561,1299
1,1,5,12,1,0,0,0,1,1.5107793948846377,3,1.4609268049847957,1.2603173314689473,3,4,1.2216568112770079,1.4132083101334227,11,5,0,0,2,1,0,0,0.010458947935241965,1913
0,2,5,12,1,2,4,1,1,0.798627491572014,9,1.4609268049847957,0.3106003562901573,4,2,1.3402551302699217,1.2598720849682488,14,4,3,0,3,2,0,0,0.0019661421052780126,2787
0,4,2,7,0,1,3,0,0,-0.6256763150532338,16,0.2430850753911188,0.3836555082269873,3,3,0.21357109983723943,0.23763058386708755,8,4,3,3,3,1,0,0,0.008114539660154728,2710
1,3,4,8,1,0,2,1,0,1.5107793948846377,11,-0.9747566542025582,0.6028209640374773,3,4,-1.3282070470706417,-1.2446195927295962,13,5,3,3,2,4,0,0,0.02725145535495963,1847
2,0,1,6,2,1,1,0,1,0.798627491572014,7,-2.192598383796235,1.4794827872794374,2,1,-1.9804978015316683,-2.011300718555467,3,1,2,2,2,4,1,1,0.9855233331780896,2633
0,3,6,14,0,1,3,0,0,0.798627491572014,1,0.8520059401879573,0.4567106601638173,3,3,0.035673621347868535,0.08429435870191336,15,3,3,0,3,1,1,0,0.09942114863898599,1800
0,4,0,4,2,1,1,0,1,-0.6256763150532338,7,0.2430850753911188,0.6758761159743073,3,3,0.865861854298266,0.595415109252494,13,4,3,0,3,0,0,0,0.05814565014886641,1354
1,1,2,7,0,1,3,1,0,0.08647558825939006,16,1.4609268049847957,-0.20078570726765277,3,3,1.2809559707734648,1.1576479348581326,8,4,0,0,3,1,0,0,0.002522075059641068,1701
0,2,5,11,1,0,0,0,0,0.798627491572014,3,-0.9747566542025582,-0.34689601114131274,2,3,-1.3282070470706417,-1.091283367564422,7,4,2,2,2,0,0,0,0.0401805347837599,1760
0,1,4,10,0,1,1,0,0,-0.6256763150532338,8,1.4609268049847957,-0.12773055533082275,2,2,1.1030584922840938,1.464320385188481,11,4,3,0,3,1,0,0,0.002485469409301866,2105
1,4,0,1,2,1,1,0,0,0.798627491572014,7,-0.3658357894057197,1.0411518756584572,3,2,-1.9804978015316683,-1.8068524183352348,7,5,2,2,1,4,1,1,0.9676994350787692,2335
0,1,5,12,1,0,0,0,0,0.08647558825939006,3,-1.5836775189993966,0.23754520435332727,0,2,-0.6166171331131581,-0.6823867671239575,15,2,2,3,1,1,1,1,0.9923297888704194,1675
0,4,4,8,1,1,1,0,0,-1.3378282183658576,8,0.8520059401879573,0.01837974854283726,2,3,0.925161013794723,0.646527184307552,11,5,3,0,3,1,0,0,0.002226740552813873,1046
1,4,6,13,1,0,0,0,0,0.798627491572014,3,-0.3658357894057197,-0.6391166188886328,4,3,-0.4980188141202442,-0.6312746920688994,13,4,3,3,3,3,0,0,0.006086027868747502,1814
1,0,2,15,2,2,4,1,0,0.08647558825939006,14,-0.9747566542025582,-1.6618887460042528,4,2,-1.2096087280777277,-1.2957316677846542,7,4,2,2,3,3,0,0,0.032483863874507087,1702
0,3,2,7,0,0,2,1,0,-0.6256763150532338,6,0.8520059401879573,0.16449005241649728,3,3,0.5693660568159812,0.7998634094727262,12,3,3,0,3,3,0,0,0.0029711079859964643,1415
1,3,0,4,2,2,4,0,1,1.5107793948846377,15,0.8520059401879573,-0.20078570726765277,3,4,0.6879643758088951,0.595415109252494,13,4,0,0,3,1,0,0,0.001961271318773806,1917
1,0,3,9,0,1,3,1,0,-0.6256763150532338,16,-0.9747566542025582,-0.054675403393992746,4,4,-1.3875062065670987,-1.3468437428397122,6,5,2,3,3,4,0,0,0.004200017863411835,2564
1,0,6,14,0,1,1,0,0,0.08647558825939006,7,0.8520059401879573,1.1872621795321174,2,4,0.6286652163124382,0.9020875595828423,16,4,0,0,3,2,0,0,0.0015270871648138439,1712
0,2,0,4,2,2,4,0,0,-0.6256763150532338,15,0.2430850753911188,-0.054675403393992746,3,3,0.15427194034078245,0.13540643375697142,12,5,3,3,2,1,0,0,0.06259453458410778,1193
0,2,6,14,0,1,3,0,0,1.5107793948846377,16,0.8520059401879573,0.4567106601638173,0,3,0.5100668973195243,0.5443030341974359,15,5,3,0,4,1,0,0,0.0016720437690706258,1017
0,0,3,9,0,0,2,0,1,-1.3378282183658576,11,-0.3658357894057197,-1.5157784421305929,3,3,-0.5573179736167011,-0.5801626170138414,7,4,2,3,2,0,0,0,0.04077766107089001,2551
1,3,2,15,2,1,1,0,0,-0.6256763150532338,7,-0.9747566542025582,0.7489312679111373,4,3,-1.2689078875741846,-1.2446195927295962,18,3,2,3,3,4,0,0,0.003385014479544408,2776
0,3,6,14,0,0,2,0,0,1.5107793948846377,6,1.4609268049847957,1.2603173314689473,3,3,1.3995542897663786,1.566544535298597,11,5,0,0,3,1,0,0,0.0030949042848361186,1482
0,0,4,8,1,0,2,0,0,-0.6256763150532338,11,-0.9747566542025582,0.4567106601638173,3,2,-1.2689078875741846,-1.3468437428397122,16,5,2,2,2,4,0,0,0.018417704365967222,1787
1,2,6,14,0,0,2,1,0,0.798627491572014,6,0.8520059401879573,0.23754520435332727,3,2,0.5693660568159812,0.5443030341974359,13,3,3,0,3,2,0,0,0.0026555845385418503,1772
0,4,2,7,0,1,1,1,0,0.798627491572014,12,-0.9747566542025582,0.4567106601638173,3,2,-1.2689078875741846,-1.0401712925093638,10,5,2,2,3,3,0,0,0.005206663058529367,2399
1,3,4,8,1,0,2,1,0,1.5107793948846377,6,0.8520059401879573,-1.2966129863201028,3,2,0.5693660568159812,0.4931909591423778,13,4,3,0,3,2,0,0,0.00246702625319399,2416
0,3,1,6,2,0,2,0,0,-1.3378282183658576,11,1.4609268049847957,0.5297658121006473,2,3,1.162357651780551,1.2087600099131905,13,4,3,0,4,2,0,0,0.0017668915059537026,1111
2,2,5,11,1,2,4,0,0,-0.6256763150532338,15,0.8520059401879573,1.5525379392162675,3,3,0.6286652163124382,0.5443030341974359,12,4,3,0,3,3,0,0,0.0018346879808761392,2021
1,3,6,0,2,2,4,0,0,-1.3378282183658576,15,0.2430850753911188,-1.1505026824464428,0,2,0.0949727808443255,0.033182283646855305,8,4,3,3,2,1,0,0,0.03502932852861996,1573
1,4,4,8,1,0,2,0,0,0.08647558825939006,11,0.8520059401879573,-0.054675403393992746,3,2,0.6879643758088951,0.5443030341974359,13,4,3,3,2,2,0,0,0.021896553140083107,1654
0,2,5,12,1,0,0,0,1,-0.6256763150532338,3,1.4609268049847957,-0.12773055533082275,4,3,1.3402551302699217,1.3109841600233068,6,5,0,0,3,1,0,0,0.0025320771462930226,2150
1,2,6,13,1,1,1,1,0,0.08647558825939006,7,1.4609268049847957,-1.0043923785727829,0,2,1.2216568112770079,1.0554237847480163,9,3,3,3,3,3,0,0,0.002434874186086011,1088
0,0,6,14,0,0,2,0,0,0.08647558825939006,10,-0.3658357894057197,0.7489312679111373,3,3,0.035673621347868535,-0.01792979140820275,13,5,3,3,2,3,0,0,0.03239150590845076,1821
1,3,6,14,0,1,3,0,0,0.08647558825939006,16,-0.3658357894057197,-1.1505026824464428,4,1,-0.735215452106072,-0.7334988421790155,9,1,2,2,2,2,0,0,0.13929044398994625,2417
1,2,5,12,1,0,2,1,0,0.798627491572014,11,0.8520059401879573,0.8219864198479673,0,2,0.5100668973195243,0.8509754845277843,15,4,3,3,3,3,0,0,0.0017660102230013957,1322
0,0,2,7,0,2,4,1,0,-1.3378282183658576,9,1.4609268049847957,-0.27384085920448276,3,3,1.1030584922840938,1.3620962350783647,10,5,3,0,3,2,0,0,0.0026424030530801937,2168
0,3,2,7,0,1,1,1,0,0.798627491572014,8,-0.3658357894057197,0.4567106601638173,4,2,-0.675916292609615,-0.7334988421790155,5,4,2,3,3,1,0,0,0.004207854105409015,1063
1,3,3,9,0,2,4,1,0,-0.6256763150532338,4,-0.9747566542025582,-0.6391166188886328,3,4,-1.3875062065670987,-1.3468437428397122,11,4,2,3,2,2,0,0,0.020611857373988258,1147
0,3,4,10,0,0,0,0,0,-1.3378282183658576,3,0.2430850753911188,-0.7852269227622928,3,3,-0.20152301663795932,-0.47793846690372527,12,5,3,3,3,1,0,0,0.004669313527414201,2273
0,4,6,13,1,1,1,0,0,-0.6256763150532338,7,1.4609268049847957,-1.2966129863201028,3,2,1.1030584922840938,1.1065358598030746,8,4,3,0,3,4,0,0,0.0028848998397994386,1535
1,0,2,15,2,1,1,0,0,0.08647558825939006,7,-0.9747566542025582,-1.5888335940674227,3,2,-1.2096087280777277,-1.091283367564422,13,4,2,2,3,3,0,0,0.02792783818056284,1978
0,2,0,4,2,1,3,0,1,-1.3378282183658576,16,1.4609268049847957,-0.34689601114131274,4,2,1.2216568112770079,0.9020875595828423,7,3,3,0,3,1,0,0,0.0035562979491650737,2364
0,2,6,13,1,1,3,1,0,-0.6256763150532338,16,-0.9747566542025582,1.2603173314689473,1,4,-1.2689078875741846,-1.193507517674538,5,5,2,3,2,4,0,0,0.01034926695615225,2779
1,3,2,15,2,0,2,1,0,0.798627491572014,6,1.4609268049847957,-1.0774475305096127,3,3,1.2809559707734648,1.566544535298597,10,5,0,0,3,1,0,0,0.004022568264275651,2044
0,1,6,14,0,0,2,1,0,-0.6256763150532338,11,1.4609268049847957,0.8219864198479673,3,3,1.2216568112770079,0.8509754845277843,11,4,0,0,2,3,0,0,0.008054348082656248,1588
0,4,2,3,1,2,4,1,0,0.798627491572014,15,1.4609268049847957,-1.223557834383273,3,4,1.2216568112770079,0.9020875595828423,5,4,0,0,2,2,0,0,0.008550310104708962,1143
0,1,6,13,1,0,2,0,0,0.798627491572014,11,-0.9747566542025582,0.01837974854283726,3,3,-1.2689078875741846,-1.2446195927295962,11,4,2,3,4,1,0,0,0.0050534842205642696,1694
1,1,2,7,0,1,1,1,0,-1.3378282183658576,7,1.4609268049847957,0.4567106601638173,2,3,1.3402551302699217,1.3109841600233068,7,5,0,0,3,1,0,0,0.0018934657203410169,1727
1,4,4,10,0,0,0,0,1,0.798627491572014,3,-0.3658357894057197,-0.4930063150149728,4,2,-0.794514611602529,-0.6312746920688994,12,4,2,2,2,1,0,0,0.039248209629314725,1802
1,2,2,15,2,0,0,1,1,0.798627491572014,3,-0.9747566542025582,-1.369668138256933,3,2,-1.3282070470706417,-1.193507517674538,12,4,2,2,1,3,0,0,0.025365914570008297,2033
1,3,5,11,1,1,1,0,1,0.798627491572014,7,-0.9747566542025582,-0.12773055533082275,0,4,1.9925458847309483,1.6687686854087131,14,3,1,0,3,1,1,1,0.9941059905208381,1738
1,4,1,6,2,0,2,0,1,1.5107793948846377,11,-0.3658357894057197,1.1142070275952873,4,3,-0.675916292609615,-0.6823867671239575,18,4,3,3,2,2,0,0,0.06297467734666592,1199
1,2,1,6,2,1,3,1,0,0.798627491572014,16,-2.192598383796235,-1.4427232901937628,4,2,-0.02362553814858843,-0.12015394151831886,15,3,3,3,1,3,1,1,0.9894227237794371,1461
0,0,1,5,3,0,2,0,0,-1.3378282183658576,6,1.4609268049847957,0.8219864198479673,2,4,1.4588534492628358,1.464320385188481,14,4,0,1,3,1,0,0,0.002797450848330498,1160
1,0,2,7,0,0,0,0,1,0.08647558825939006,3,1.4609268049847957,-0.27384085920448276,4,3,1.2809559707734648,1.3620962350783647,8,4,0,0,2,1,0,0,0.03806034955150377,1862
1,1,2,15,2,1,1,1,0,0.798627491572014,7,0.8520059401879573,0.6028209640374773,3,4,0.6879643758088951,0.595415109252494,11,5,0,0,3,1,0,0,0.0013605620226184805,2397
1,1,4,10,0,1,3,1,1,-1.3378282183658576,16,-0.9747566542025582,0.9680967237216274,4,4,-1.3282070470706417,-1.4490678929498284,8,3,3,3,3,4,1,0,0.007142749949607476,2239
1,4,1,6,2,1,3,0,0,0.798627491572014,1,-0.3658357894057197,-0.12773055533082275,3,3,-0.6166171331131581,-0.8357229922891317,11,4,3,3,3,4,0,0,0.005078247122010044,2442
1,1,6,14,0,2,4,1,0,1.5107793948846377,15,-0.9747566542025582,1.6986482430899275,4,3,-1.3282070470706417,-1.3468437428397122,7,5,2,3,2,2,0,0,0.006247023080482857,1084
0,1,6,14,0,0,0,1,0,0.798627491572014,3,-0.9747566542025582,-1.734943897941083,3,2,-1.3282070470706417,-1.2446195927295962,16,4,2,2,3,4,0,0,0.013074546043246552,2672
1,3,6,0,2,1,1,1,1,0.798627491572014,7,0.2430850753911188,0.7489312679111373,0,4,0.035673621347868535,-0.01792979140820275,14,4,0,0,4,1,0,0,0.009149140416662812,2309
1,0,2,3,1,1,1,1,1,0.798627491572014,7,1.4609268049847957,1.6986482430899275,3,3,1.2216568112770079,1.2087600099131905,15,5,0,0,3,2,0,0,0.0012211794218656379,2378
0,2,6,14,0,0,0,0,0,-1.3378282183658576,3,-2.192598383796235,0.09143490047966726,4,3,-0.735215452106072,-0.7846109172340736,13,4,3,3,2,2,1,1,0.9896447550184259,2665
1,4,3,9,0,1,3,1,1,0.798627491572014,16,-0.9747566542025582,0.6758761159743073,0,4,-1.3282070470706417,-1.2446195927295962,7,5,3,3,2,1,0,0,0.019428728758738543,1428
0,3,1,5,3,2,4,1,0,0.08647558825939006,4,0.2430850753911188,0.8219864198479673,3,2,-0.02362553814858843,-0.273490166683493,13,4,2,3,4,1,0,0,0.0026276252210292034,1290
0,2,6,13,1,2,4,1,0,-1.3378282183658576,4,-0.9747566542025582,-0.4930063150149728,3,3,-1.2096087280777277,-1.3468437428397122,11,5,2,3,4,4,0,0,0.008910166271359678,1530
1,4,5,11,1,2,4,0,0,-0.6256763150532338,15,-0.9747566542025582,-1.5888335940674227,3,3,1.8739475657380344,2.1798894359592937,9,4,1,1,4,2,1,1,0.9963446263497869,2701
1,2,2,15,2,0,2,0,0,0.798627491572014,11,-0.9747566542025582,0.09143490047966726,3,4,-1.2689078875741846,-1.2446195927295962,11,5,3,3,3,1,0,0,0.005279187008525153,1623
0,4,0,4,2,2,4,1,1,0.798627491572014,15,-2.192598383796235,-0.4930063150149728,4,4,2.111144203723862,1.9754411357390615,9,4,1,0,3,4,1,1,0.9959962841928758,2180
1,0,4,10,0,1,3,0,1,-1.3378282183658576,16,-0.3658357894057197,1.5525379392162675,3,4,-0.6166171331131581,-0.7334988421790155,11,5,3,0,3,1,0,0,0.0018886482968967502,1402
1,0,4,10,0,0,2,1,0,-1.3378282183658576,11,-0.9747566542025582,0.01837974854283726,3,2,-1.2689078875741846,-1.2957316677846542,16,3,2,2,1,2,0,0,0.0889793290308083,1155
0,3,6,14,0,1,3,1,1,-0.6256763150532338,13,-1.5836775189993966,-1.734943897941083,3,3,-1.3282070470706417,-1.3468437428397122,5,5,2,2,2,2,1,1,0.846287651900189,2318
